target_index	trigger	category	mapped_path	exact_image_path	split
0	1001	limousine	images_THINGS/object_images/limousine/limousine_03s.jpg	/media/psycontrol/HDD/Datasets/THINGS/images_THINGS/object_images/limousine/limousine_03s.jpg	val
1	1002	pea	images_THINGS/object_images/pea/pea_10s.jpg	/media/psycontrol/HDD/Datasets/THINGS/images_THINGS/object_images/pea/pea_10s.jpg	train
2	1003	shorts	images_THINGS/object_images/shorts/shorts_14s.jpg	/media/psycontrol/HDD/Datasets/THINGS/images_THINGS/object_images/shorts/shorts_14s.jpg	val
3	1004	dalmatian	images_THINGS/object_images/dalmatian/dalmatian_02s.jpg	/media/psycontrol/HDD/Datasets/THINGS/images_THINGS/object_images/dalmatian/dalmatian_02s.jpg	train
4	1005	ottoman	images_THINGS/object_images/ottoman/ottoman_05s.jpg	/media/psycontrol/HDD/Datasets/THINGS/images_THINGS/object_images/ottoman/ottoman_05s.jpg	train
5	1006	cardinal	images_THINGS/object_images/cardinal/cardinal_02s.jpg	/media/psycontrol/HDD/Datasets/THINGS/images_THINGS/object_images/cardinal/cardinal_02s.jpg	train
6	1007	mirror	images_THINGS/object_images/mirror/mirror_08s.jpg	/media/psycontrol/HDD/Datasets/THINGS/images_THINGS/object_images/mirror/mirror_08s.jpg	train
7	1008	keyboard	images_THINGS/object_images/keyboard/keyboard_13s.jpg	/media/psycontrol/HDD/Datasets/THINGS/images_THINGS/object_images/keyboard/keyboard_13s.jpg	train
8	1009	papaya	images_THINGS/object_images/papaya/papaya_08s.jpg	/media/psycontrol/HDD/Datasets/THINGS/images_THINGS/object_images/papaya/papaya_08s.jpg	train
9	1010	pineapple	images_THINGS/object_images/pineapple/pineapple_08s.jpg	/media/psycontrol/HDD/Datasets/THINGS/images_THINGS/object_images/pineapple/pineapple_08s.jpg	train
10	1011	raspberry	images_THINGS/object_images/raspberry/raspberry_11s.jpg	/media/psycontrol/HDD/Datasets/THINGS/images_THINGS/object_images/raspberry/raspberry_11s.jpg	train
11	1012	burrito	images_THINGS/object_images/burrito/burrito_07s.jpg	/media/psycontrol/HDD/Datasets/THINGS/images_THINGS/object_images/burrito/burrito_07s.jpg	val
12	1013	banana	images_THINGS/object_images/banana/banana_13s.jpg	/media/psycontrol/HDD/Datasets/THINGS/images_THINGS/object_images/banana/banana_13s.jpg	train
13	1014	shark	images_THINGS/object_images/shark/shark_07s.jpg	/media/psycontrol/HDD/Datasets/THINGS/images_THINGS/object_images/shark/shark_07s.jpg	train
14	1015	moose	images_THINGS/object_images/moose/moose_02s.jpg	/media/psycontrol/HDD/Datasets/THINGS/images_THINGS/object_images/moose/moose_02s.jpg	train
15	1016	ant	images_THINGS/object_images/ant/ant_08s.jpg	/media/psycontrol/HDD/Datasets/THINGS/images_THINGS/object_images/ant/ant_08s.jpg	train
16	1017	carrot	images_THINGS/object_images/carrot/carrot_01b.jpg	/media/psycontrol/HDD/Datasets/THINGS/images_THINGS/object_images/carrot/carrot_01b.jpg	train
17	1018	coffee	images_THINGS/object_images/coffee/coffee_15s.jpg	/media/psycontrol/HDD/Datasets/THINGS/images_THINGS/object_images/coffee/coffee_15s.jpg	val
18	1019	videocassette	images_THINGS/object_images/videocassette/videocassette_07n.jpg	/media/psycontrol/HDD/Datasets/THINGS/images_THINGS/object_images/videocassette/videocassette_07n.jpg	val
19	1020	television	images_THINGS/object_images/television/television_07s.jpg	/media/psycontrol/HDD/Datasets/THINGS/images_THINGS/object_images/television/television_07s.jpg	val
20	1021	tea	images_THINGS/object_images/tea/tea_10s.jpg	/media/psycontrol/HDD/Datasets/THINGS/images_THINGS/object_images/tea/tea_10s.jpg	train
21	1022	shoe	images_THINGS/object_images/shoe/shoe_01s.jpg	/media/psycontrol/HDD/Datasets/THINGS/images_THINGS/object_images/shoe/shoe_01s.jpg	train
22	1023	wolf	images_THINGS/object_images/wolf/wolf_12n.jpg	/media/psycontrol/HDD/Datasets/THINGS/images_THINGS/object_images/wolf/wolf_12n.jpg	train
23	1024	lab_coat	images_THINGS/object_images/lab_coat/lab_coat_08s.jpg	/media/psycontrol/HDD/Datasets/THINGS/images_THINGS/object_images/lab_coat/lab_coat_08s.jpg	train
24	1025	llama	images_THINGS/object_images/llama/llama_05s.jpg	/media/psycontrol/HDD/Datasets/THINGS/images_THINGS/object_images/llama/llama_05s.jpg	train
25	1026	asparagus	images_THINGS/object_images/asparagus/asparagus_12s.jpg	/media/psycontrol/HDD/Datasets/THINGS/images_THINGS/object_images/asparagus/asparagus_12s.jpg	train
26	1027	memory_stick	images_THINGS/object_images/memory_stick/memory_stick_08s.jpg	/media/psycontrol/HDD/Datasets/THINGS/images_THINGS/object_images/memory_stick/memory_stick_08s.jpg	train
27	1028	meatball	images_THINGS/object_images/meatball/meatball_04s.jpg	/media/psycontrol/HDD/Datasets/THINGS/images_THINGS/object_images/meatball/meatball_04s.jpg	train
28	1029	sheep	images_THINGS/object_images/sheep/sheep_06s.jpg	/media/psycontrol/HDD/Datasets/THINGS/images_THINGS/object_images/sheep/sheep_06s.jpg	train
29	1030	puffin	images_THINGS/object_images/puffin/puffin_02s.jpg	/media/psycontrol/HDD/Datasets/THINGS/images_THINGS/object_images/puffin/puffin_02s.jpg	train
30	1031	fish	images_THINGS/object_images/fish/fish_01b.jpg	/media/psycontrol/HDD/Datasets/THINGS/images_THINGS/object_images/fish/fish_01b.jpg	val
31	1032	pants	images_THINGS/object_images/pants/pants_01b.jpg	/media/psycontrol/HDD/Datasets/THINGS/images_THINGS/object_images/pants/pants_01b.jpg	train
32	1033	helmet	images_THINGS/object_images/helmet/helmet_11s.jpg	/media/psycontrol/HDD/Datasets/THINGS/images_THINGS/object_images/helmet/helmet_11s.jpg	train
33	1034	bracelet1	images_THINGS/object_images/bracelet1/bracelet1_18s.jpg	/media/psycontrol/HDD/Datasets/THINGS/images_THINGS/object_images/bracelet1/bracelet1_18s.jpg	train
34	1035	lizard	images_THINGS/object_images/lizard/lizard_01b.jpg	/media/psycontrol/HDD/Datasets/THINGS/images_THINGS/object_images/lizard/lizard_01b.jpg	train
35	1036	ladybug	images_THINGS/object_images/ladybug/ladybug_07s.jpg	/media/psycontrol/HDD/Datasets/THINGS/images_THINGS/object_images/ladybug/ladybug_07s.jpg	train
36	1037	steamroller	images_THINGS/object_images/steamroller/steamroller_11n.jpg	/media/psycontrol/HDD/Datasets/THINGS/images_THINGS/object_images/steamroller/steamroller_11n.jpg	train
37	1038	cupcake	images_THINGS/object_images/cupcake/cupcake_07s.jpg	/media/psycontrol/HDD/Datasets/THINGS/images_THINGS/object_images/cupcake/cupcake_07s.jpg	train
38	1039	sailboat	images_THINGS/object_images/sailboat/sailboat_07s.jpg	/media/psycontrol/HDD/Datasets/THINGS/images_THINGS/object_images/sailboat/sailboat_07s.jpg	val
39	1040	panda	images_THINGS/object_images/panda/panda_01b.jpg	/media/psycontrol/HDD/Datasets/THINGS/images_THINGS/object_images/panda/panda_01b.jpg	train
40	1041	octopus	images_THINGS/object_images/octopus/octopus_09s.jpg	/media/psycontrol/HDD/Datasets/THINGS/images_THINGS/object_images/octopus/octopus_09s.jpg	train
41	1042	eagle	images_THINGS/object_images/eagle/eagle_08s.jpg	/media/psycontrol/HDD/Datasets/THINGS/images_THINGS/object_images/eagle/eagle_08s.jpg	train
42	1043	ostrich	images_THINGS/object_images/ostrich/ostrich_15s.jpg	/media/psycontrol/HDD/Datasets/THINGS/images_THINGS/object_images/ostrich/ostrich_15s.jpg	val
43	1044	raccoon	images_THINGS/object_images/raccoon/raccoon_08n.jpg	/media/psycontrol/HDD/Datasets/THINGS/images_THINGS/object_images/raccoon/raccoon_08n.jpg	train
44	1045	goose	images_THINGS/object_images/goose/goose_08s.jpg	/media/psycontrol/HDD/Datasets/THINGS/images_THINGS/object_images/goose/goose_08s.jpg	train
45	1046	tiramisu	images_THINGS/object_images/tiramisu/tiramisu_12s.jpg	/media/psycontrol/HDD/Datasets/THINGS/images_THINGS/object_images/tiramisu/tiramisu_12s.jpg	train
46	1047	drawer	images_THINGS/object_images/drawer/drawer_04s.jpg	/media/psycontrol/HDD/Datasets/THINGS/images_THINGS/object_images/drawer/drawer_04s.jpg	train
47	1048	sombrero	images_THINGS/object_images/sombrero/sombrero_11s.jpg	/media/psycontrol/HDD/Datasets/THINGS/images_THINGS/object_images/sombrero/sombrero_11s.jpg	train
48	1049	rat	images_THINGS/object_images/rat/rat_04s.jpg	/media/psycontrol/HDD/Datasets/THINGS/images_THINGS/object_images/rat/rat_04s.jpg	train
49	1050	artichoke	images_THINGS/object_images/artichoke/artichoke_08n.jpg	/media/psycontrol/HDD/Datasets/THINGS/images_THINGS/object_images/artichoke/artichoke_08n.jpg	train
50	1051	yacht	images_THINGS/object_images/yacht/yacht_05s.jpg	/media/psycontrol/HDD/Datasets/THINGS/images_THINGS/object_images/yacht/yacht_05s.jpg	train
51	1052	wallpaper	images_THINGS/object_images/wallpaper/wallpaper_01b.jpg	/media/psycontrol/HDD/Datasets/THINGS/images_THINGS/object_images/wallpaper/wallpaper_01b.jpg	train
52	1053	reindeer	images_THINGS/object_images/reindeer/reindeer_14s.jpg	/media/psycontrol/HDD/Datasets/THINGS/images_THINGS/object_images/reindeer/reindeer_14s.jpg	val
53	1054	bathtub	images_THINGS/object_images/bathtub/bathtub_18s.jpg	/media/psycontrol/HDD/Datasets/THINGS/images_THINGS/object_images/bathtub/bathtub_18s.jpg	train
54	1055	seagull	images_THINGS/object_images/seagull/seagull_11s.jpg	/media/psycontrol/HDD/Datasets/THINGS/images_THINGS/object_images/seagull/seagull_11s.jpg	train
55	1056	leggings	images_THINGS/object_images/leggings/leggings_02s.jpg	/media/psycontrol/HDD/Datasets/THINGS/images_THINGS/object_images/leggings/leggings_02s.jpg	train
56	1057	eggnog	images_THINGS/object_images/eggnog/eggnog_03s.jpg	/media/psycontrol/HDD/Datasets/THINGS/images_THINGS/object_images/eggnog/eggnog_03s.jpg	train
57	1058	loveseat	images_THINGS/object_images/loveseat/loveseat_10s.jpg	/media/psycontrol/HDD/Datasets/THINGS/images_THINGS/object_images/loveseat/loveseat_10s.jpg	train
58	1059	zucchini	images_THINGS/object_images/zucchini/zucchini_02s.jpg	/media/psycontrol/HDD/Datasets/THINGS/images_THINGS/object_images/zucchini/zucchini_02s.jpg	train
59	1060	squirrel	images_THINGS/object_images/squirrel/squirrel_12n.jpg	/media/psycontrol/HDD/Datasets/THINGS/images_THINGS/object_images/squirrel/squirrel_12n.jpg	train
60	1061	taco	images_THINGS/object_images/taco/taco_06n.jpg	/media/psycontrol/HDD/Datasets/THINGS/images_THINGS/object_images/taco/taco_06n.jpg	train
61	1062	antelope	images_THINGS/object_images/antelope/antelope_12n.jpg	/media/psycontrol/HDD/Datasets/THINGS/images_THINGS/object_images/antelope/antelope_12n.jpg	val
62	1063	car	images_THINGS/object_images/car/car_12s.jpg	/media/psycontrol/HDD/Datasets/THINGS/images_THINGS/object_images/car/car_12s.jpg	train
63	1064	fly	images_THINGS/object_images/fly/fly_17s.jpg	/media/psycontrol/HDD/Datasets/THINGS/images_THINGS/object_images/fly/fly_17s.jpg	train
64	1065	cabinet	images_THINGS/object_images/cabinet/cabinet_07s.jpg	/media/psycontrol/HDD/Datasets/THINGS/images_THINGS/object_images/cabinet/cabinet_07s.jpg	train
65	1066	giraffe	images_THINGS/object_images/giraffe/giraffe_17s.jpg	/media/psycontrol/HDD/Datasets/THINGS/images_THINGS/object_images/giraffe/giraffe_17s.jpg	train
66	1067	taffy	images_THINGS/object_images/taffy/taffy_11s.jpg	/media/psycontrol/HDD/Datasets/THINGS/images_THINGS/object_images/taffy/taffy_11s.jpg	val
67	1068	radio	images_THINGS/object_images/radio/radio_04s.jpg	/media/psycontrol/HDD/Datasets/THINGS/images_THINGS/object_images/radio/radio_04s.jpg	val
68	1069	rollerblade	images_THINGS/object_images/rollerblade/rollerblade_05s.jpg	/media/psycontrol/HDD/Datasets/THINGS/images_THINGS/object_images/rollerblade/rollerblade_05s.jpg	train
69	1070	dragonfly	images_THINGS/object_images/dragonfly/dragonfly_10s.jpg	/media/psycontrol/HDD/Datasets/THINGS/images_THINGS/object_images/dragonfly/dragonfly_10s.jpg	train
70	1071	mongoose	images_THINGS/object_images/mongoose/mongoose_10s.jpg	/media/psycontrol/HDD/Datasets/THINGS/images_THINGS/object_images/mongoose/mongoose_10s.jpg	train
71	1072	blackberry	images_THINGS/object_images/blackberry/blackberry_08s.jpg	/media/psycontrol/HDD/Datasets/THINGS/images_THINGS/object_images/blackberry/blackberry_08s.jpg	train
72	1073	bull	images_THINGS/object_images/bull/bull_09s.jpg	/media/psycontrol/HDD/Datasets/THINGS/images_THINGS/object_images/bull/bull_09s.jpg	val
73	1074	cobra	images_THINGS/object_images/cobra/cobra_07s.jpg	/media/psycontrol/HDD/Datasets/THINGS/images_THINGS/object_images/cobra/cobra_07s.jpg	train
74	1075	filing_cabinet	images_THINGS/object_images/filing_cabinet/filing_cabinet_10s.jpg	/media/psycontrol/HDD/Datasets/THINGS/images_THINGS/object_images/filing_cabinet/filing_cabinet_10s.jpg	train
75	1076	groundhog	images_THINGS/object_images/groundhog/groundhog_01b.jpg	/media/psycontrol/HDD/Datasets/THINGS/images_THINGS/object_images/groundhog/groundhog_01b.jpg	train
76	1077	bison	images_THINGS/object_images/bison/bison_08s.jpg	/media/psycontrol/HDD/Datasets/THINGS/images_THINGS/object_images/bison/bison_08s.jpg	val
77	1078	sea_urchin	images_THINGS/object_images/sea_urchin/sea_urchin_08s.jpg	/media/psycontrol/HDD/Datasets/THINGS/images_THINGS/object_images/sea_urchin/sea_urchin_08s.jpg	train
78	1079	puppy	images_THINGS/object_images/puppy/puppy_12s.jpg	/media/psycontrol/HDD/Datasets/THINGS/images_THINGS/object_images/puppy/puppy_12s.jpg	train
79	1080	camcorder	images_THINGS/object_images/camcorder/camcorder_07s.jpg	/media/psycontrol/HDD/Datasets/THINGS/images_THINGS/object_images/camcorder/camcorder_07s.jpg	train
80	1081	police_car	images_THINGS/object_images/police_car/police_car_14s.jpg	/media/psycontrol/HDD/Datasets/THINGS/images_THINGS/object_images/police_car/police_car_14s.jpg	train
81	1082	necklace	images_THINGS/object_images/necklace/necklace_11s.jpg	/media/psycontrol/HDD/Datasets/THINGS/images_THINGS/object_images/necklace/necklace_11s.jpg	train
82	1083	shirt	images_THINGS/object_images/shirt/shirt_03s.jpg	/media/psycontrol/HDD/Datasets/THINGS/images_THINGS/object_images/shirt/shirt_03s.jpg	train
83	1084	cheetah	images_THINGS/object_images/cheetah/cheetah_06s.jpg	/media/psycontrol/HDD/Datasets/THINGS/images_THINGS/object_images/cheetah/cheetah_06s.jpg	train
84	1085	frog	images_THINGS/object_images/frog/frog_09s.jpg	/media/psycontrol/HDD/Datasets/THINGS/images_THINGS/object_images/frog/frog_09s.jpg	train
85	1086	pasta	images_THINGS/object_images/pasta/pasta_12s.jpg	/media/psycontrol/HDD/Datasets/THINGS/images_THINGS/object_images/pasta/pasta_12s.jpg	val
86	1087	bathrobe	images_THINGS/object_images/bathrobe/bathrobe_12s.jpg	/media/psycontrol/HDD/Datasets/THINGS/images_THINGS/object_images/bathrobe/bathrobe_12s.jpg	train
87	1088	slipper	images_THINGS/object_images/slipper/slipper_02s.jpg	/media/psycontrol/HDD/Datasets/THINGS/images_THINGS/object_images/slipper/slipper_02s.jpg	train
88	1089	unicycle	images_THINGS/object_images/unicycle/unicycle_08s.jpg	/media/psycontrol/HDD/Datasets/THINGS/images_THINGS/object_images/unicycle/unicycle_08s.jpg	train
89	1090	garlic	images_THINGS/object_images/garlic/garlic_11s.jpg	/media/psycontrol/HDD/Datasets/THINGS/images_THINGS/object_images/garlic/garlic_11s.jpg	val
90	1091	kitten	images_THINGS/object_images/kitten/kitten_09s.jpg	/media/psycontrol/HDD/Datasets/THINGS/images_THINGS/object_images/kitten/kitten_09s.jpg	train
91	1092	bunkbed	images_THINGS/object_images/bunkbed/bunkbed_02s.jpg	/media/psycontrol/HDD/Datasets/THINGS/images_THINGS/object_images/bunkbed/bunkbed_02s.jpg	train
92	1093	duckling	images_THINGS/object_images/duckling/duckling_25s.jpg	/media/psycontrol/HDD/Datasets/THINGS/images_THINGS/object_images/duckling/duckling_25s.jpg	train
93	1094	onion	images_THINGS/object_images/onion/onion_03n.jpg	/media/psycontrol/HDD/Datasets/THINGS/images_THINGS/object_images/onion/onion_03n.jpg	train
94	1095	mouse2	images_THINGS/object_images/mouse2/mouse2_17s.jpg	/media/psycontrol/HDD/Datasets/THINGS/images_THINGS/object_images/mouse2/mouse2_17s.jpg	val
95	1096	beaver	images_THINGS/object_images/beaver/beaver_13n.jpg	/media/psycontrol/HDD/Datasets/THINGS/images_THINGS/object_images/beaver/beaver_13n.jpg	train
96	1097	sandwich	images_THINGS/object_images/sandwich/sandwich_06s.jpg	/media/psycontrol/HDD/Datasets/THINGS/images_THINGS/object_images/sandwich/sandwich_06s.jpg	val
97	1098	stool	images_THINGS/object_images/stool/stool_08s.jpg	/media/psycontrol/HDD/Datasets/THINGS/images_THINGS/object_images/stool/stool_08s.jpg	train
98	1099	tricycle	images_THINGS/object_images/tricycle/tricycle_12s.jpg	/media/psycontrol/HDD/Datasets/THINGS/images_THINGS/object_images/tricycle/tricycle_12s.jpg	train
99	1100	champagne	images_THINGS/object_images/champagne/champagne_01b.jpg	/media/psycontrol/HDD/Datasets/THINGS/images_THINGS/object_images/champagne/champagne_01b.jpg	train
100	1101	boat	images_THINGS/object_images/boat/boat_08s.jpg	/media/psycontrol/HDD/Datasets/THINGS/images_THINGS/object_images/boat/boat_08s.jpg	train
101	1102	crab	images_THINGS/object_images/crab/crab_02s.jpg	/media/psycontrol/HDD/Datasets/THINGS/images_THINGS/object_images/crab/crab_02s.jpg	train
102	1103	blazer	images_THINGS/object_images/blazer/blazer_05s.jpg	/media/psycontrol/HDD/Datasets/THINGS/images_THINGS/object_images/blazer/blazer_05s.jpg	train
103	1104	speaker	images_THINGS/object_images/speaker/speaker_19n.jpg	/media/psycontrol/HDD/Datasets/THINGS/images_THINGS/object_images/speaker/speaker_19n.jpg	train
104	1105	gorilla	images_THINGS/object_images/gorilla/gorilla_19s.jpg	/media/psycontrol/HDD/Datasets/THINGS/images_THINGS/object_images/gorilla/gorilla_19s.jpg	val
105	1106	swordfish	images_THINGS/object_images/swordfish/swordfish_07s.jpg	/media/psycontrol/HDD/Datasets/THINGS/images_THINGS/object_images/swordfish/swordfish_07s.jpg	train
106	1107	omelet	images_THINGS/object_images/omelet/omelet_06s.jpg	/media/psycontrol/HDD/Datasets/THINGS/images_THINGS/object_images/omelet/omelet_06s.jpg	train
107	1108	possum	images_THINGS/object_images/possum/possum_03s.jpg	/media/psycontrol/HDD/Datasets/THINGS/images_THINGS/object_images/possum/possum_03s.jpg	train
108	1109	wasp	images_THINGS/object_images/wasp/wasp_09n.jpg	/media/psycontrol/HDD/Datasets/THINGS/images_THINGS/object_images/wasp/wasp_09n.jpg	train
109	1110	jet	images_THINGS/object_images/jet/jet_04s.jpg	/media/psycontrol/HDD/Datasets/THINGS/images_THINGS/object_images/jet/jet_04s.jpg	train
110	1111	creme_brulee	images_THINGS/object_images/creme_brulee/creme_brulee_01b.jpg	/media/psycontrol/HDD/Datasets/THINGS/images_THINGS/object_images/creme_brulee/creme_brulee_01b.jpg	train
111	1112	hard_disk	images_THINGS/object_images/hard_disk/hard_disk_13s.jpg	/media/psycontrol/HDD/Datasets/THINGS/images_THINGS/object_images/hard_disk/hard_disk_13s.jpg	train
112	1113	firetruck	images_THINGS/object_images/firetruck/firetruck_04s.jpg	/media/psycontrol/HDD/Datasets/THINGS/images_THINGS/object_images/firetruck/firetruck_04s.jpg	train
113	1114	spinach	images_THINGS/object_images/spinach/spinach_09s.jpg	/media/psycontrol/HDD/Datasets/THINGS/images_THINGS/object_images/spinach/spinach_09s.jpg	train
114	1115	marshmallow	images_THINGS/object_images/marshmallow/marshmallow_09s.jpg	/media/psycontrol/HDD/Datasets/THINGS/images_THINGS/object_images/marshmallow/marshmallow_09s.jpg	train
115	1116	praying_mantis	images_THINGS/object_images/praying_mantis/praying_mantis_08s.jpg	/media/psycontrol/HDD/Datasets/THINGS/images_THINGS/object_images/praying_mantis/praying_mantis_08s.jpg	train
116	1117	hamster	images_THINGS/object_images/hamster/hamster_07s.jpg	/media/psycontrol/HDD/Datasets/THINGS/images_THINGS/object_images/hamster/hamster_07s.jpg	train
117	1118	candy_bar	images_THINGS/object_images/candy_bar/candy_bar_09s.jpg	/media/psycontrol/HDD/Datasets/THINGS/images_THINGS/object_images/candy_bar/candy_bar_09s.jpg	train
118	1119	star_fruit	images_THINGS/object_images/star_fruit/star_fruit_06s.jpg	/media/psycontrol/HDD/Datasets/THINGS/images_THINGS/object_images/star_fruit/star_fruit_06s.jpg	train
119	1120	owl	images_THINGS/object_images/owl/owl_19s.jpg	/media/psycontrol/HDD/Datasets/THINGS/images_THINGS/object_images/owl/owl_19s.jpg	train
120	1121	sunglasses	images_THINGS/object_images/sunglasses/sunglasses_06s.jpg	/media/psycontrol/HDD/Datasets/THINGS/images_THINGS/object_images/sunglasses/sunglasses_06s.jpg	val
121	1122	webcam	images_THINGS/object_images/webcam/webcam_08s.jpg	/media/psycontrol/HDD/Datasets/THINGS/images_THINGS/object_images/webcam/webcam_08s.jpg	train
122	1123	sorbet	images_THINGS/object_images/sorbet/sorbet_05s.jpg	/media/psycontrol/HDD/Datasets/THINGS/images_THINGS/object_images/sorbet/sorbet_05s.jpg	val
123	1124	nightshirt	images_THINGS/object_images/nightshirt/nightshirt_11s.jpg	/media/psycontrol/HDD/Datasets/THINGS/images_THINGS/object_images/nightshirt/nightshirt_11s.jpg	val
124	1125	sundae	images_THINGS/object_images/sundae/sundae_09s.jpg	/media/psycontrol/HDD/Datasets/THINGS/images_THINGS/object_images/sundae/sundae_09s.jpg	train
125	1126	helicopter	images_THINGS/object_images/helicopter/helicopter_20s.jpg	/media/psycontrol/HDD/Datasets/THINGS/images_THINGS/object_images/helicopter/helicopter_20s.jpg	train
126	1127	space_shuttle	images_THINGS/object_images/space_shuttle/space_shuttle_12s.jpg	/media/psycontrol/HDD/Datasets/THINGS/images_THINGS/object_images/space_shuttle/space_shuttle_12s.jpg	train
127	1128	toad	images_THINGS/object_images/toad/toad_01b.jpg	/media/psycontrol/HDD/Datasets/THINGS/images_THINGS/object_images/toad/toad_01b.jpg	train
128	1129	workbench	images_THINGS/object_images/workbench/workbench_07s.jpg	/media/psycontrol/HDD/Datasets/THINGS/images_THINGS/object_images/workbench/workbench_07s.jpg	train
129	1130	showerhead	images_THINGS/object_images/showerhead/showerhead_05s.jpg	/media/psycontrol/HDD/Datasets/THINGS/images_THINGS/object_images/showerhead/showerhead_05s.jpg	train
130	1131	eel	images_THINGS/object_images/eel/eel_09s.jpg	/media/psycontrol/HDD/Datasets/THINGS/images_THINGS/object_images/eel/eel_09s.jpg	train
131	1132	polar_bear	images_THINGS/object_images/polar_bear/polar_bear_18s.jpg	/media/psycontrol/HDD/Datasets/THINGS/images_THINGS/object_images/polar_bear/polar_bear_18s.jpg	val
132	1133	cockatoo	images_THINGS/object_images/cockatoo/cockatoo_04s.jpg	/media/psycontrol/HDD/Datasets/THINGS/images_THINGS/object_images/cockatoo/cockatoo_04s.jpg	train
133	1134	sleeping_bag	images_THINGS/object_images/sleeping_bag/sleeping_bag_07s.jpg	/media/psycontrol/HDD/Datasets/THINGS/images_THINGS/object_images/sleeping_bag/sleeping_bag_07s.jpg	val
134	1135	pony	images_THINGS/object_images/pony/pony_01b.jpg	/media/psycontrol/HDD/Datasets/THINGS/images_THINGS/object_images/pony/pony_01b.jpg	train
135	1136	snake	images_THINGS/object_images/snake/snake_16n.jpg	/media/psycontrol/HDD/Datasets/THINGS/images_THINGS/object_images/snake/snake_16n.jpg	train
136	1137	lamb	images_THINGS/object_images/lamb/lamb_12s.jpg	/media/psycontrol/HDD/Datasets/THINGS/images_THINGS/object_images/lamb/lamb_12s.jpg	val
137	1138	ping-pong_table	images_THINGS/object_images/ping-pong_table/ping-pong_table_10s.jpg	/media/psycontrol/HDD/Datasets/THINGS/images_THINGS/object_images/ping-pong_table/ping-pong_table_10s.jpg	train
138	1139	earwig	images_THINGS/object_images/earwig/earwig_09s.jpg	/media/psycontrol/HDD/Datasets/THINGS/images_THINGS/object_images/earwig/earwig_09s.jpg	train
139	1140	kayak	images_THINGS/object_images/kayak/kayak_04s.jpg	/media/psycontrol/HDD/Datasets/THINGS/images_THINGS/object_images/kayak/kayak_04s.jpg	train
140	1141	peach	images_THINGS/object_images/peach/peach_09n.jpg	/media/psycontrol/HDD/Datasets/THINGS/images_THINGS/object_images/peach/peach_09n.jpg	val
141	1142	piglet	images_THINGS/object_images/piglet/piglet_07s.jpg	/media/psycontrol/HDD/Datasets/THINGS/images_THINGS/object_images/piglet/piglet_07s.jpg	train
142	1143	mango	images_THINGS/object_images/mango/mango_16s.jpg	/media/psycontrol/HDD/Datasets/THINGS/images_THINGS/object_images/mango/mango_16s.jpg	val
143	1144	tarantula	images_THINGS/object_images/tarantula/tarantula_12s.jpg	/media/psycontrol/HDD/Datasets/THINGS/images_THINGS/object_images/tarantula/tarantula_12s.jpg	val
144	1145	rocking_chair	images_THINGS/object_images/rocking_chair/rocking_chair_07s.jpg	/media/psycontrol/HDD/Datasets/THINGS/images_THINGS/object_images/rocking_chair/rocking_chair_07s.jpg	train
145	1146	cheesecake	images_THINGS/object_images/cheesecake/cheesecake_06s.jpg	/media/psycontrol/HDD/Datasets/THINGS/images_THINGS/object_images/cheesecake/cheesecake_06s.jpg	train
146	1147	lemonade	images_THINGS/object_images/lemonade/lemonade_01b.jpg	/media/psycontrol/HDD/Datasets/THINGS/images_THINGS/object_images/lemonade/lemonade_01b.jpg	train
147	1148	broccoli	images_THINGS/object_images/broccoli/broccoli_09s.jpg	/media/psycontrol/HDD/Datasets/THINGS/images_THINGS/object_images/broccoli/broccoli_09s.jpg	train
148	1149	mole	images_THINGS/object_images/mole/mole_09s.jpg	/media/psycontrol/HDD/Datasets/THINGS/images_THINGS/object_images/mole/mole_09s.jpg	train
149	1150	chick	images_THINGS/object_images/chick/chick_10s.jpg	/media/psycontrol/HDD/Datasets/THINGS/images_THINGS/object_images/chick/chick_10s.jpg	train
150	1151	tractor	images_THINGS/object_images/tractor/tractor_10n.jpg	/media/psycontrol/HDD/Datasets/THINGS/images_THINGS/object_images/tractor/tractor_10n.jpg	train
151	1152	speedboat	images_THINGS/object_images/speedboat/speedboat_06s.jpg	/media/psycontrol/HDD/Datasets/THINGS/images_THINGS/object_images/speedboat/speedboat_06s.jpg	val
152	1153	donut	images_THINGS/object_images/donut/donut_15s.jpg	/media/psycontrol/HDD/Datasets/THINGS/images_THINGS/object_images/donut/donut_15s.jpg	train
153	1154	chandelier	images_THINGS/object_images/chandelier/chandelier_10s.jpg	/media/psycontrol/HDD/Datasets/THINGS/images_THINGS/object_images/chandelier/chandelier_10s.jpg	train
154	1155	kale	images_THINGS/object_images/kale/kale_01b.jpg	/media/psycontrol/HDD/Datasets/THINGS/images_THINGS/object_images/kale/kale_01b.jpg	train
155	1156	coconut	images_THINGS/object_images/coconut/coconut_08s.jpg	/media/psycontrol/HDD/Datasets/THINGS/images_THINGS/object_images/coconut/coconut_08s.jpg	val
156	1157	barnacle	images_THINGS/object_images/barnacle/barnacle_11s.jpg	/media/psycontrol/HDD/Datasets/THINGS/images_THINGS/object_images/barnacle/barnacle_11s.jpg	val
157	1158	bulldozer	images_THINGS/object_images/bulldozer/bulldozer_06s.jpg	/media/psycontrol/HDD/Datasets/THINGS/images_THINGS/object_images/bulldozer/bulldozer_06s.jpg	train
158	1159	pear	images_THINGS/object_images/pear/pear_09s.jpg	/media/psycontrol/HDD/Datasets/THINGS/images_THINGS/object_images/pear/pear_09s.jpg	train
159	1160	clam	images_THINGS/object_images/clam/clam_06s.jpg	/media/psycontrol/HDD/Datasets/THINGS/images_THINGS/object_images/clam/clam_06s.jpg	train
