subject_folder	channel	band	bandpower_uV2
P04	P8	delta_1_4	0.0625454979017
P04	P8	theta_4_8	0.00924373301677
P04	P8	alpha_8_13	0.00569632020779
P04	P8	beta_13_30	0.0103480937869
P04	P8	low_gamma_30_45	0.00258174344344
P04	T8	delta_1_4	0.00638436339796
P04	T8	theta_4_8	0.0171580925817
P04	T8	alpha_8_13	0.00487411563518
P04	T8	beta_13_30	0.0150185869425
P04	T8	low_gamma_30_45	0.0043065205391
P04	CP6	delta_1_4	0.0564901931211
P04	CP6	theta_4_8	0.00523121631704
P04	CP6	alpha_8_13	0.00369926774874
P04	CP6	beta_13_30	0.0133402404681
P04	CP6	low_gamma_30_45	0.00231073497707
P04	FC6	delta_1_4	0.149007566273
P04	FC6	theta_4_8	0.0199931939133
P04	FC6	alpha_8_13	0.00462892721407
P04	FC6	beta_13_30	0.0215302991564
P04	FC6	low_gamma_30_45	0.0052404339076
P04	F8	delta_1_4	0.294875185937
P04	F8	theta_4_8	0.0514400992543
P04	F8	alpha_8_13	0.00615972059313
P04	F8	beta_13_30	0.0365473950078
P04	F8	low_gamma_30_45	0.0067756551507
P04	F4	delta_1_4	0.320427447557
P04	F4	theta_4_8	0.022963616997
P04	F4	alpha_8_13	0.0140322966035
P04	F4	beta_13_30	0.0415020748624
P04	F4	low_gamma_30_45	0.00788542944065
P04	C4	delta_1_4	0.0509611302987
P04	C4	theta_4_8	0.00574023136869
P04	C4	alpha_8_13	0.0053714455571
P04	C4	beta_13_30	0.0166492713324
P04	C4	low_gamma_30_45	0.000990766995528
P04	P4	delta_1_4	0.259827414528
P04	P4	theta_4_8	0.00625506986398
P04	P4	alpha_8_13	0.0176942480757
P04	P4	beta_13_30	0.0144516724104
P04	P4	low_gamma_30_45	0.00637949517841
P04	AF4	delta_1_4	0.594496004283
P04	AF4	theta_4_8	0.0326650999486
P04	AF4	alpha_8_13	0.0128791911993
P04	AF4	beta_13_30	0.0406735203287
P04	AF4	low_gamma_30_45	0.00824695339543
P04	Fp2	delta_1_4	0.718675836921
P04	Fp2	theta_4_8	0.0241827685386
P04	Fp2	alpha_8_13	0.0251042838208
P04	Fp2	beta_13_30	0.149715139181
P04	Fp2	low_gamma_30_45	0.0306417148095
P04	Fp1	delta_1_4	0.560240074992
P04	Fp1	theta_4_8	0.0286285341717
P04	Fp1	alpha_8_13	0.039249693742
P04	Fp1	beta_13_30	0.0541931991902
P04	Fp1	low_gamma_30_45	0.0159681084333
P04	AF3	delta_1_4	0.503599308431
P04	AF3	theta_4_8	0.0258947773837
P04	AF3	alpha_8_13	0.0234834337607
P04	AF3	beta_13_30	0.053690951172
P04	AF3	low_gamma_30_45	0.011641646568
P04	FC2	delta_1_4	0.116192584857
P04	FC2	theta_4_8	0.0157489421545
P04	FC2	alpha_8_13	0.00437373557361
P04	FC2	beta_13_30	0.0142027745605
P04	FC2	low_gamma_30_45	0.00412251002854
P04	Cz	delta_1_4	0.00774758518673
P04	Cz	theta_4_8	0.0125859593973
P04	Cz	alpha_8_13	0.00334279425442
P04	Cz	beta_13_30	0.00439673313485
P04	Cz	low_gamma_30_45	0.00290390899318
P04	CP2	delta_1_4	0.181531831622
P04	CP2	theta_4_8	0.005330357817
P04	CP2	alpha_8_13	0.0107836829266
P04	CP2	beta_13_30	0.0138769846162
P04	CP2	low_gamma_30_45	0.00251330462925
P04	PO3	delta_1_4	0.229700436816
P04	PO3	theta_4_8	0.0100820660591
P04	PO3	alpha_8_13	0.0063727714587
P04	PO3	beta_13_30	0.0144456499693
P04	PO3	low_gamma_30_45	0.00464228386772
P04	O1	delta_1_4	0.261800050735
P04	O1	theta_4_8	0.00844111829065
P04	O1	alpha_8_13	0.00655578484293
P04	O1	beta_13_30	0.0201322500143
P04	O1	low_gamma_30_45	0.00509201483874
P04	Oz	delta_1_4	0.245040085167
P04	Oz	theta_4_8	0.00875817309134
P04	Oz	alpha_8_13	0.0157063929364
P04	Oz	beta_13_30	0.0145227719768
P04	Oz	low_gamma_30_45	0.00322997731564
P04	O2	delta_1_4	0.253439204767
P04	O2	theta_4_8	0.0121966779698
P04	O2	alpha_8_13	0.017036273377
P04	O2	beta_13_30	0.0216341879714
P04	O2	low_gamma_30_45	0.00408218988014
P04	PO4	delta_1_4	0.250796429813
P04	PO4	theta_4_8	0.00708683510311
P04	PO4	alpha_8_13	0.014452062489
P04	PO4	beta_13_30	0.0177913866064
P04	PO4	low_gamma_30_45	0.0039914743038
P04	Pz	delta_1_4	0.243620306253
P04	Pz	theta_4_8	0.0319330031052
P04	Pz	alpha_8_13	0.0279382668086
P04	Pz	beta_13_30	0.0106035691642
P04	Pz	low_gamma_30_45	0.00435706981079
P04	CP1	delta_1_4	0.100197438151
P04	CP1	theta_4_8	0.0114740433637
P04	CP1	alpha_8_13	0.0158076796797
P04	CP1	beta_13_30	0.00802107099662
P04	CP1	low_gamma_30_45	0.00131789117313
P04	FC1	delta_1_4	0.120593072847
P04	FC1	theta_4_8	0.0184819421847
P04	FC1	alpha_8_13	0.00822769547813
P04	FC1	beta_13_30	0.0117847347137
P04	FC1	low_gamma_30_45	0.0021841999951
P04	P3	delta_1_4	0.226902019233
P04	P3	theta_4_8	0.00790650560521
P04	P3	alpha_8_13	0.00969984731637
P04	P3	beta_13_30	0.0132129365084
P04	P3	low_gamma_30_45	0.00533714665653
P04	C3	delta_1_4	0.0450594620779
P04	C3	theta_4_8	0.0132226697169
P04	C3	alpha_8_13	0.00592583054095
P04	C3	beta_13_30	0.00939525393187
P04	C3	low_gamma_30_45	0.00214002555003
P04	F3	delta_1_4	0.491091221571
P04	F3	theta_4_8	0.0275594471022
P04	F3	alpha_8_13	0.0272310608998
P04	F3	beta_13_30	0.0504442345482
P04	F3	low_gamma_30_45	0.00892045066576
P04	F7	delta_1_4	0.170431254432
P04	F7	theta_4_8	0.0238367908169
P04	F7	alpha_8_13	0.0103022768162
P04	F7	beta_13_30	0.0158062864648
P04	F7	low_gamma_30_45	0.00454160394293
P04	FC5	delta_1_4	0.0251025366597
P04	FC5	theta_4_8	0.0120042576455
P04	FC5	alpha_8_13	0.00351349756238
P04	FC5	beta_13_30	0.0107620199415
P04	FC5	low_gamma_30_45	0.00216361343701
P04	CP5	delta_1_4	0.112407427281
P04	CP5	theta_4_8	0.00238766346592
P04	CP5	alpha_8_13	0.00398540869355
P04	CP5	beta_13_30	0.0159725457343
P04	CP5	low_gamma_30_45	0.00422268047805
P04	T7	delta_1_4	0.0103196108248
P04	T7	theta_4_8	0.0203380328603
P04	T7	alpha_8_13	0.00680099241436
P04	T7	beta_13_30	0.0143404068222
P04	T7	low_gamma_30_45	0.00631415873886
P04	P7	delta_1_4	0.308774303645
P04	P7	theta_4_8	0.0198743672809
P04	P7	alpha_8_13	0.00562714721309
P04	P7	beta_13_30	0.0256653523829
P04	P7	low_gamma_30_45	0.00477451831102
P05	P8	delta_1_4	1.78950718045
P05	P8	theta_4_8	0.034316486679
P05	P8	alpha_8_13	0.023763964884
P05	P8	beta_13_30	0.0286410560948
P05	P8	low_gamma_30_45	0.00550198445126
P05	T8	delta_1_4	0.127697383985
P05	T8	theta_4_8	0.00661873829085
P05	T8	alpha_8_13	0.00210016346682
P05	T8	beta_13_30	0.0144824480813
P05	T8	low_gamma_30_45	0.00528805851354
P05	CP6	delta_1_4	0.0254282876849
P05	CP6	theta_4_8	0.0221173125319
P05	CP6	alpha_8_13	0.00687174836639
P05	CP6	beta_13_30	0.017179108836
P05	CP6	low_gamma_30_45	0.00267368330969
P05	FC6	delta_1_4	0.818801179528
P05	FC6	theta_4_8	0.043582749553
P05	FC6	alpha_8_13	0.00702669052407
P05	FC6	beta_13_30	0.021885326445
P05	FC6	low_gamma_30_45	0.00176636359356
P05	F8	delta_1_4	0.878410115838
P05	F8	theta_4_8	0.0685973558575
P05	F8	alpha_8_13	0.0168461855501
P05	F8	beta_13_30	0.0264023695199
P05	F8	low_gamma_30_45	0.0166226795991
P05	F4	delta_1_4	0.853980898857
P05	F4	theta_4_8	0.0495749502443
P05	F4	alpha_8_13	0.0058366319281
P05	F4	beta_13_30	0.0296148883353
P05	F4	low_gamma_30_45	0.00450366946461
P05	C4	delta_1_4	0.0381079241633
P05	C4	theta_4_8	0.0206459772307
P05	C4	alpha_8_13	0.0109240370803
P05	C4	beta_13_30	0.0111941090981
P05	C4	low_gamma_30_45	0.00273312985883
P05	P4	delta_1_4	1.80014461279
P05	P4	theta_4_8	0.0948218237609
P05	P4	alpha_8_13	0.0319750769995
P05	P4	beta_13_30	0.0174792960461
P05	P4	low_gamma_30_45	0.00482227259272
P05	AF4	delta_1_4	0.867515265942
P05	AF4	theta_4_8	0.0497437017038
P05	AF4	alpha_8_13	0.00758079322986
P05	AF4	beta_13_30	0.0251654935419
P05	AF4	low_gamma_30_45	0.00724915631508
P05	Fp2	delta_1_4	3.02398434281
P05	Fp2	theta_4_8	0.1264071716
P05	Fp2	alpha_8_13	0.0657051121816
P05	Fp2	beta_13_30	0.0728588203201
P05	Fp2	low_gamma_30_45	0.0250870017044
P05	Fp1	delta_1_4	2.76063084602
P05	Fp1	theta_4_8	0.0809235307388
P05	Fp1	alpha_8_13	0.0468109850772
P05	Fp1	beta_13_30	0.0580444617663
P05	Fp1	low_gamma_30_45	0.0317339678295
P05	AF3	delta_1_4	1.26178883016
P05	AF3	theta_4_8	0.0559881376103
P05	AF3	alpha_8_13	0.0336030041799
P05	AF3	beta_13_30	0.0389276862843
P05	AF3	low_gamma_30_45	0.00647605255654
P05	FC2	delta_1_4	0.821003645658
P05	FC2	theta_4_8	0.0395936286077
P05	FC2	alpha_8_13	0.00654224486789
P05	FC2	beta_13_30	0.0320461322844
P05	FC2	low_gamma_30_45	0.00456460917485
P05	Cz	delta_1_4	0.478083334863
P05	Cz	theta_4_8	0.013662575162
P05	Cz	alpha_8_13	0.0154687160393
P05	Cz	beta_13_30	0.0170797155733
P05	Cz	low_gamma_30_45	0.00502440912715
P05	CP2	delta_1_4	0.287487126887
P05	CP2	theta_4_8	0.0445571299642
P05	CP2	alpha_8_13	0.0235865029972
P05	CP2	beta_13_30	0.0133499514595
P05	CP2	low_gamma_30_45	0.00333066860912
P05	PO3	delta_1_4	1.29019749165
P05	PO3	theta_4_8	0.0714215529151
P05	PO3	alpha_8_13	0.0217241945211
P05	PO3	beta_13_30	0.0138261929824
P05	PO3	low_gamma_30_45	0.00424041142469
P05	O1	delta_1_4	2.35554516315
P05	O1	theta_4_8	0.0713656228036
P05	O1	alpha_8_13	0.0293409568258
P05	O1	beta_13_30	0.0249597688671
P05	O1	low_gamma_30_45	0.00707708660048
P05	Oz	delta_1_4	2.87128928304
P05	Oz	theta_4_8	0.0795966447331
P05	Oz	alpha_8_13	0.0180953624658
P05	Oz	beta_13_30	0.0497660656692
P05	Oz	low_gamma_30_45	0.0101077008148
P05	O2	delta_1_4	2.87639725208
P05	O2	theta_4_8	0.101450424641
P05	O2	alpha_8_13	0.0236675073393
P05	O2	beta_13_30	0.0241615167179
P05	O2	low_gamma_30_45	0.00750386228901
P05	PO4	delta_1_4	2.7396017611
P05	PO4	theta_4_8	0.110642228276
P05	PO4	alpha_8_13	0.0277918768115
P05	PO4	beta_13_30	0.0224082406348
P05	PO4	low_gamma_30_45	0.0111461210436
P05	Pz	delta_1_4	1.0051637888
P05	Pz	theta_4_8	0.0793178072199
P05	Pz	alpha_8_13	0.0282472807448
P05	Pz	beta_13_30	0.0177514659008
P05	Pz	low_gamma_30_45	0.00283572653279
P05	CP1	delta_1_4	0.175167024136
P05	CP1	theta_4_8	0.0309061789885
P05	CP1	alpha_8_13	0.0331684949342
P05	CP1	beta_13_30	0.0115655862028
P05	CP1	low_gamma_30_45	0.00517293907615
P05	FC1	delta_1_4	0.923137158155
P05	FC1	theta_4_8	0.0171624901704
P05	FC1	alpha_8_13	0.0145295124967
P05	FC1	beta_13_30	0.0148686763278
P05	FC1	low_gamma_30_45	0.00820754406959
P05	P3	delta_1_4	1.29863804579
P05	P3	theta_4_8	0.0651317916345
P05	P3	alpha_8_13	0.0174245617818
P05	P3	beta_13_30	0.0116258716689
P05	P3	low_gamma_30_45	0.00456198802431
P05	C3	delta_1_4	0.175031244755
P05	C3	theta_4_8	0.0166655003559
P05	C3	alpha_8_13	0.0190243715188
P05	C3	beta_13_30	0.0116873328589
P05	C3	low_gamma_30_45	0.00404702618835
P05	F3	delta_1_4	1.26594862342
P05	F3	theta_4_8	0.0519169997424
P05	F3	alpha_8_13	0.0415071044117
P05	F3	beta_13_30	0.0351933265338
P05	F3	low_gamma_30_45	0.00413955045224
P05	F7	delta_1_4	0.633999809623
P05	F7	theta_4_8	0.0638198042288
P05	F7	alpha_8_13	0.0497557166964
P05	F7	beta_13_30	0.045752691658
P05	F7	low_gamma_30_45	0.0140932782087
P05	FC5	delta_1_4	0.24364826642
P05	FC5	theta_4_8	0.0261858189479
P05	FC5	alpha_8_13	0.0195927738678
P05	FC5	beta_13_30	0.0107733978803
P05	FC5	low_gamma_30_45	0.00396998042561
P05	CP5	delta_1_4	0.0967786386609
P05	CP5	theta_4_8	0.00744478357956
P05	CP5	alpha_8_13	0.0247871188913
P05	CP5	beta_13_30	0.0111455364968
P05	CP5	low_gamma_30_45	0.00595694920048
P05	T7	delta_1_4	0.310329660773
P05	T7	theta_4_8	0.0322434580885
P05	T7	alpha_8_13	0.0142082811799
P05	T7	beta_13_30	0.0401599233155
P05	T7	low_gamma_30_45	0.00796157926379
P05	P7	delta_1_4	1.20861086249
P05	P7	theta_4_8	0.0101414364763
P05	P7	alpha_8_13	0.00334927276708
P05	P7	beta_13_30	0.0219591116766
P05	P7	low_gamma_30_45	0.0113529623268
P06	P8	delta_1_4	0.860246531665
P06	P8	theta_4_8	0.117732111365
P06	P8	alpha_8_13	0.0226340047084
P06	P8	beta_13_30	0.0413785284618
P06	P8	low_gamma_30_45	0.024258849051
P06	T8	delta_1_4	0.449852257967
P06	T8	theta_4_8	0.0798207623884
P06	T8	alpha_8_13	0.0826398804784
P06	T8	beta_13_30	0.0980604261858
P06	T8	low_gamma_30_45	0.0792220637086
P06	CP6	delta_1_4	0.121172204614
P06	CP6	theta_4_8	0.0219077989459
P06	CP6	alpha_8_13	0.0189598228317
P06	CP6	beta_13_30	0.0232490149501
P06	CP6	low_gamma_30_45	0.0124975966355
P06	FC6	delta_1_4	0.504837915301
P06	FC6	theta_4_8	0.0955686755478
P06	FC6	alpha_8_13	0.0203398855519
P06	FC6	beta_13_30	0.0624435853679
P06	FC6	low_gamma_30_45	0.0225447200937
P06	F8	delta_1_4	0.526164129376
P06	F8	theta_4_8	0.205251410604
P06	F8	alpha_8_13	0.0234406548552
P06	F8	beta_13_30	0.0991762833437
P06	F8	low_gamma_30_45	0.0454563678941
P06	F4	delta_1_4	1.32526247203
P06	F4	theta_4_8	0.207870617509
P06	F4	alpha_8_13	0.0403146154713
P06	F4	beta_13_30	0.0242500477179
P06	F4	low_gamma_30_45	0.0165144544408
P06	C4	delta_1_4	0.384030349553
P06	C4	theta_4_8	0.0214079730213
P06	C4	alpha_8_13	0.00172104474041
P06	C4	beta_13_30	0.0274377926835
P06	C4	low_gamma_30_45	0.00478773755458
P06	P4	delta_1_4	1.72759535909
P06	P4	theta_4_8	0.508428379893
P06	P4	alpha_8_13	0.0796431646449
P06	P4	beta_13_30	0.0215270071349
P06	P4	low_gamma_30_45	0.00308666635829
P06	AF4	delta_1_4	1.28355592489
P06	AF4	theta_4_8	0.233292683959
P06	AF4	alpha_8_13	0.0746872709133
P06	AF4	beta_13_30	0.0463378435234
P06	AF4	low_gamma_30_45	0.0177083288218
P06	Fp2	delta_1_4	1.52397949994
P06	Fp2	theta_4_8	0.269699834287
P06	Fp2	alpha_8_13	0.0632712224033
P06	Fp2	beta_13_30	0.0646641544299
P06	Fp2	low_gamma_30_45	0.0122273280795
P06	Fp1	delta_1_4	1.13998566568
P06	Fp1	theta_4_8	0.246536619961
P06	Fp1	alpha_8_13	0.0466557474574
P06	Fp1	beta_13_30	0.083505831426
P06	Fp1	low_gamma_30_45	0.0393486523535
P06	AF3	delta_1_4	1.00035373867
P06	AF3	theta_4_8	0.230244945735
P06	AF3	alpha_8_13	0.0497097058687
P06	AF3	beta_13_30	0.019426153216
P06	AF3	low_gamma_30_45	0.00657025403507
P06	FC2	delta_1_4	0.809232637286
P06	FC2	theta_4_8	0.141806062311
P06	FC2	alpha_8_13	0.0285151638091
P06	FC2	beta_13_30	0.0385936837265
P06	FC2	low_gamma_30_45	0.00770486799593
P06	Cz	delta_1_4	0.746544018388
P06	Cz	theta_4_8	0.132424969226
P06	Cz	alpha_8_13	0.0169419631711
P06	Cz	beta_13_30	0.0373805457348
P06	Cz	low_gamma_30_45	0.00540590664241
P06	CP2	delta_1_4	0.070131521672
P06	CP2	theta_4_8	0.00590057659429
P06	CP2	alpha_8_13	0.00343929446535
P06	CP2	beta_13_30	0.01535668
P06	CP2	low_gamma_30_45	0.00561027865479
P06	PO3	delta_1_4	1.76119014621
P06	PO3	theta_4_8	0.516807839274
P06	PO3	alpha_8_13	0.0848218880128
P06	PO3	beta_13_30	0.0157028741523
P06	PO3	low_gamma_30_45	0.00395030659274
P06	O1	delta_1_4	1.7991939187
P06	O1	theta_4_8	0.524422079325
P06	O1	alpha_8_13	0.0995640051551
P06	O1	beta_13_30	0.0188030802965
P06	O1	low_gamma_30_45	0.00357893495675
P06	Oz	delta_1_4	1.75280052423
P06	Oz	theta_4_8	0.515842273831
P06	Oz	alpha_8_13	0.0937549030059
P06	Oz	beta_13_30	0.014839639698
P06	Oz	low_gamma_30_45	0.00293519187107
P06	O2	delta_1_4	1.77726238966
P06	O2	theta_4_8	0.540237396955
P06	O2	alpha_8_13	0.0922301893588
P06	O2	beta_13_30	0.0165122026374
P06	O2	low_gamma_30_45	0.00440857427566
P06	PO4	delta_1_4	1.71129447222
P06	PO4	theta_4_8	0.536906033754
P06	PO4	alpha_8_13	0.0964571484365
P06	PO4	beta_13_30	0.013330128364
P06	PO4	low_gamma_30_45	0.00403351522618
P06	Pz	delta_1_4	0.0999871529639
P06	Pz	theta_4_8	0.0734007563442
P06	Pz	alpha_8_13	0.0286151338369
P06	Pz	beta_13_30	0.0220936374972
P06	Pz	low_gamma_30_45	0.00387480980316
P06	CP1	delta_1_4	0.0214202664793
P06	CP1	theta_4_8	0.0187372472137
P06	CP1	alpha_8_13	0.0148900581989
P06	CP1	beta_13_30	0.0170985107543
P06	CP1	low_gamma_30_45	0.0109775715973
P06	FC1	delta_1_4	1.00529885292
P06	FC1	theta_4_8	0.214409157634
P06	FC1	alpha_8_13	0.0476697252598
P06	FC1	beta_13_30	0.0163484868172
P06	FC1	low_gamma_30_45	0.00719294724786
P06	P3	delta_1_4	1.7705321312
P06	P3	theta_4_8	0.512605160475
P06	P3	alpha_8_13	0.0787088210927
P06	P3	beta_13_30	0.0183377407902
P06	P3	low_gamma_30_45	0.00444067231729
P06	C3	delta_1_4	0.0938695855439
P06	C3	theta_4_8	0.0426050918177
P06	C3	alpha_8_13	0.0201582177542
P06	C3	beta_13_30	0.0354797394975
P06	C3	low_gamma_30_45	0.0130342233897
P06	F3	delta_1_4	1.02625516057
P06	F3	theta_4_8	0.233809906989
P06	F3	alpha_8_13	0.0435838344274
P06	F3	beta_13_30	0.0215209841263
P06	F3	low_gamma_30_45	0.00691026028653
P06	F7	delta_1_4	0.484215967357
P06	F7	theta_4_8	0.169744446874
P06	F7	alpha_8_13	0.037513517309
P06	F7	beta_13_30	0.163845171221
P06	F7	low_gamma_30_45	0.0341108398279
P06	FC5	delta_1_4	0.180186871439
P06	FC5	theta_4_8	0.0891986563802
P06	FC5	alpha_8_13	0.0328921703622
P06	FC5	beta_13_30	0.127704295795
P06	FC5	low_gamma_30_45	0.0484023371828
P06	CP5	delta_1_4	0.335548564792
P06	CP5	theta_4_8	0.0296577827539
P06	CP5	alpha_8_13	0.0173808102263
P06	CP5	beta_13_30	0.0359245652508
P06	CP5	low_gamma_30_45	0.00729112484623
P06	T7	delta_1_4	0.185015596449
P06	T7	theta_4_8	0.0216478016227
P06	T7	alpha_8_13	0.02294539781
P06	T7	beta_13_30	0.10707090213
P06	T7	low_gamma_30_45	0.0275180630706
P06	P7	delta_1_4	1.7749478817
P06	P7	theta_4_8	0.0689214877784
P06	P7	alpha_8_13	0.059552408522
P06	P7	beta_13_30	0.0963413008139
P06	P7	low_gamma_30_45	0.0337063519401
P07	P8	delta_1_4	1.14807933569
P07	P8	theta_4_8	0.0854923026636
P07	P8	alpha_8_13	0.0504141384736
P07	P8	beta_13_30	0.0285002974051
P07	P8	low_gamma_30_45	0.00367624570208
P07	T8	delta_1_4	0.0421260059811
P07	T8	theta_4_8	0.0144496394787
P07	T8	alpha_8_13	0.0143544566818
P07	T8	beta_13_30	0.0250994759845
P07	T8	low_gamma_30_45	0.0140153343964
P07	CP6	delta_1_4	0.0691366419196
P07	CP6	theta_4_8	0.0214454677189
P07	CP6	alpha_8_13	0.0303680761717
P07	CP6	beta_13_30	0.0163480037663
P07	CP6	low_gamma_30_45	0.00150248838145
P07	FC6	delta_1_4	0.040622103028
P07	FC6	theta_4_8	0.0132751787314
P07	FC6	alpha_8_13	0.00908923149109
P07	FC6	beta_13_30	0.0221032973714
P07	FC6	low_gamma_30_45	0.0135488909
P07	F8	delta_1_4	0.205690301955
P07	F8	theta_4_8	0.0655275797471
P07	F8	alpha_8_13	0.0204222837929
P07	F8	beta_13_30	0.082602529088
P07	F8	low_gamma_30_45	0.0187914108101
P07	F4	delta_1_4	0.489871315658
P07	F4	theta_4_8	0.0381819261238
P07	F4	alpha_8_13	0.0309113068506
P07	F4	beta_13_30	0.0276661541575
P07	F4	low_gamma_30_45	0.0104436753609
P07	C4	delta_1_4	0.0717355459929
P07	C4	theta_4_8	0.0202209353447
P07	C4	alpha_8_13	0.0254619456828
P07	C4	beta_13_30	0.0131288973935
P07	C4	low_gamma_30_45	0.0037269475979
P07	P4	delta_1_4	0.556667000055
P07	P4	theta_4_8	0.0638965079561
P07	P4	alpha_8_13	0.0371491177939
P07	P4	beta_13_30	0.0167640550353
P07	P4	low_gamma_30_45	0.00388962813304
P07	AF4	delta_1_4	0.389736451209
P07	AF4	theta_4_8	0.0688209980726
P07	AF4	alpha_8_13	0.0471558701247
P07	AF4	beta_13_30	0.0280029937858
P07	AF4	low_gamma_30_45	0.013237339881
P07	Fp2	delta_1_4	0.760211765766
P07	Fp2	theta_4_8	0.0901716202497
P07	Fp2	alpha_8_13	0.106949977577
P07	Fp2	beta_13_30	0.0646239640191
P07	Fp2	low_gamma_30_45	0.0169629640586
P07	Fp1	delta_1_4	1.0727314651
P07	Fp1	theta_4_8	0.115900631994
P07	Fp1	alpha_8_13	0.159382797778
P07	Fp1	beta_13_30	0.0230521569465
P07	Fp1	low_gamma_30_45	0.0103704786161
P07	AF3	delta_1_4	0.567127339542
P07	AF3	theta_4_8	0.136905638501
P07	AF3	alpha_8_13	0.0804313216358
P07	AF3	beta_13_30	0.0533802018617
P07	AF3	low_gamma_30_45	0.0161955394506
P07	FC2	delta_1_4	0.526670500636
P07	FC2	theta_4_8	0.0242821106222
P07	FC2	alpha_8_13	0.0258688824251
P07	FC2	beta_13_30	0.02217136728
P07	FC2	low_gamma_30_45	0.00488080913419
P07	Cz	delta_1_4	0.508204743266
P07	Cz	theta_4_8	0.0144697029609
P07	Cz	alpha_8_13	0.00876883484307
P07	Cz	beta_13_30	0.0184118257894
P07	Cz	low_gamma_30_45	0.0083430585255
P07	CP2	delta_1_4	0.111315444112
P07	CP2	theta_4_8	0.0114407804795
P07	CP2	alpha_8_13	0.0333826695569
P07	CP2	beta_13_30	0.0126809886278
P07	CP2	low_gamma_30_45	0.00353811041714
P07	PO3	delta_1_4	0.476411752403
P07	PO3	theta_4_8	0.0551512739621
P07	PO3	alpha_8_13	0.0369875179604
P07	PO3	beta_13_30	0.0105170312017
P07	PO3	low_gamma_30_45	0.0029572069252
P07	O1	delta_1_4	0.544446453452
P07	O1	theta_4_8	0.0612779865041
P07	O1	alpha_8_13	0.0362174042966
P07	O1	beta_13_30	0.0136802196648
P07	O1	low_gamma_30_45	0.00516844261438
P07	Oz	delta_1_4	0.590191721916
P07	Oz	theta_4_8	0.0641834558919
P07	Oz	alpha_8_13	0.0389092126861
P07	Oz	beta_13_30	0.0231386163214
P07	Oz	low_gamma_30_45	0.00310223899396
P07	O2	delta_1_4	0.616592474282
P07	O2	theta_4_8	0.0661019473337
P07	O2	alpha_8_13	0.0357675473206
P07	O2	beta_13_30	0.0186963249653
P07	O2	low_gamma_30_45	0.00282613606396
P07	PO4	delta_1_4	0.588129974902
P07	PO4	theta_4_8	0.0743374805897
P07	PO4	alpha_8_13	0.0332837868482
P07	PO4	beta_13_30	0.0140974488168
P07	PO4	low_gamma_30_45	0.00349441639992
P07	Pz	delta_1_4	0.469122588634
P07	Pz	theta_4_8	0.0573547957465
P07	Pz	alpha_8_13	0.0381075553596
P07	Pz	beta_13_30	0.0171227661049
P07	Pz	low_gamma_30_45	0.00551619209728
P07	CP1	delta_1_4	0.0908306464553
P07	CP1	theta_4_8	0.00513321429025
P07	CP1	alpha_8_13	0.0117053402355
P07	CP1	beta_13_30	0.00821102142072
P07	CP1	low_gamma_30_45	0.00233087680863
P07	FC1	delta_1_4	0.456976294518
P07	FC1	theta_4_8	0.0221299966797
P07	FC1	alpha_8_13	0.00929268018808
P07	FC1	beta_13_30	0.0191382583871
P07	FC1	low_gamma_30_45	0.00433075824549
P07	P3	delta_1_4	0.495399586856
P07	P3	theta_4_8	0.0531369475648
P07	P3	alpha_8_13	0.0302185765468
P07	P3	beta_13_30	0.0193723966804
P07	P3	low_gamma_30_45	0.00473484507165
P07	C3	delta_1_4	0.153090944514
P07	C3	theta_4_8	0.0129578870256
P07	C3	alpha_8_13	0.00444018871349
P07	C3	beta_13_30	0.0103635262058
P07	C3	low_gamma_30_45	0.00176699269286
P07	F3	delta_1_4	0.547026053071
P07	F3	theta_4_8	0.124480879866
P07	F3	alpha_8_13	0.0751289539039
P07	F3	beta_13_30	0.0635475757808
P07	F3	low_gamma_30_45	0.0198740832275
P07	F7	delta_1_4	0.697815433145
P07	F7	theta_4_8	0.144125703722
P07	F7	alpha_8_13	0.118720244616
P07	F7	beta_13_30	0.0292197184172
P07	F7	low_gamma_30_45	0.0227383397287
P07	FC5	delta_1_4	0.0681112259626
P07	FC5	theta_4_8	0.0254368190654
P07	FC5	alpha_8_13	0.0287207083311
P07	FC5	beta_13_30	0.0159507572971
P07	FC5	low_gamma_30_45	0.00706906248161
P07	CP5	delta_1_4	0.0161779522896
P07	CP5	theta_4_8	0.00831283582374
P07	CP5	alpha_8_13	0.00443164166063
P07	CP5	beta_13_30	0.00719026627849
P07	CP5	low_gamma_30_45	0.00102232550853
P07	T7	delta_1_4	0.0420451741666
P07	T7	theta_4_8	0.0161990234628
P07	T7	alpha_8_13	0.0191152603365
P07	T7	beta_13_30	0.0238401013485
P07	T7	low_gamma_30_45	0.00770650309641
P07	P7	delta_1_4	0.0236930446699
P07	P7	theta_4_8	0.0196642808151
P07	P7	alpha_8_13	0.00563447049353
P07	P7	beta_13_30	0.00986791530886
P07	P7	low_gamma_30_45	0.00290158738244
melina	P8	delta_1_4	0.924534931779
melina	P8	theta_4_8	0.0305334720761
melina	P8	alpha_8_13	0.0108183181146
melina	P8	beta_13_30	0.049030322727
melina	P8	low_gamma_30_45	0.00756546196862
melina	T8	delta_1_4	0.192122321576
melina	T8	theta_4_8	0.0155613813549
melina	T8	alpha_8_13	0.0232882447308
melina	T8	beta_13_30	0.0561719202087
melina	T8	low_gamma_30_45	0.0155105734011
melina	CP6	delta_1_4	0.145439015701
melina	CP6	theta_4_8	0.00455564627191
melina	CP6	alpha_8_13	0.00396940321662
melina	CP6	beta_13_30	0.0136360766483
melina	CP6	low_gamma_30_45	0.00600534905971
melina	FC6	delta_1_4	0.49372331053
melina	FC6	theta_4_8	0.0149098113179
melina	FC6	alpha_8_13	0.0208065379411
melina	FC6	beta_13_30	0.016702374036
melina	FC6	low_gamma_30_45	0.0105155839701
melina	F8	delta_1_4	1.1947760433
melina	F8	theta_4_8	0.0139300579904
melina	F8	alpha_8_13	0.0191489404533
melina	F8	beta_13_30	0.0272560653393
melina	F8	low_gamma_30_45	0.0288800259586
melina	F4	delta_1_4	0.394293155521
melina	F4	theta_4_8	0.0155025282875
melina	F4	alpha_8_13	0.0344934226014
melina	F4	beta_13_30	0.0222137679229
melina	F4	low_gamma_30_45	0.00703197810799
melina	C4	delta_1_4	0.149717077613
melina	C4	theta_4_8	0.00679636211134
melina	C4	alpha_8_13	0.00363290600944
melina	C4	beta_13_30	0.0145587254301
melina	C4	low_gamma_30_45	0.0073859403783
melina	P4	delta_1_4	0.646837763488
melina	P4	theta_4_8	0.00880835880525
melina	P4	alpha_8_13	0.0069066339056
melina	P4	beta_13_30	0.0180783936521
melina	P4	low_gamma_30_45	0.00293417811667
melina	AF4	delta_1_4	0.390311729163
melina	AF4	theta_4_8	0.0201655309647
melina	AF4	alpha_8_13	0.033118146006
melina	AF4	beta_13_30	0.032340279693
melina	AF4	low_gamma_30_45	0.00845860045229
melina	Fp2	delta_1_4	1.24087066948
melina	Fp2	theta_4_8	0.0566696301103
melina	Fp2	alpha_8_13	0.0496413223445
melina	Fp2	beta_13_30	0.167470303946
melina	Fp2	low_gamma_30_45	0.0393919967973
melina	Fp1	delta_1_4	0.634767636657
melina	Fp1	theta_4_8	0.0161447317805
melina	Fp1	alpha_8_13	0.0630090963095
melina	Fp1	beta_13_30	0.241568337893
melina	Fp1	low_gamma_30_45	0.0339386375636
melina	AF3	delta_1_4	0.279817235656
melina	AF3	theta_4_8	0.0306844823062
melina	AF3	alpha_8_13	0.036341747269
melina	AF3	beta_13_30	0.0510387447139
melina	AF3	low_gamma_30_45	0.0122539842268
melina	FC2	delta_1_4	0.276803586632
melina	FC2	theta_4_8	0.0153146949597
melina	FC2	alpha_8_13	0.0224920939654
melina	FC2	beta_13_30	0.0208359543176
melina	FC2	low_gamma_30_45	0.0105574869085
melina	Cz	delta_1_4	0.190451033413
melina	Cz	theta_4_8	0.0193021222949
melina	Cz	alpha_8_13	0.0105547062121
melina	Cz	beta_13_30	0.0162408823817
melina	Cz	low_gamma_30_45	0.00370401363762
melina	CP2	delta_1_4	0.283989530057
melina	CP2	theta_4_8	0.00264422348118
melina	CP2	alpha_8_13	0.00473952887114
melina	CP2	beta_13_30	0.0141487926012
melina	CP2	low_gamma_30_45	0.00324536382686
melina	PO3	delta_1_4	0.552301544696
melina	PO3	theta_4_8	0.0131964827888
melina	PO3	alpha_8_13	0.0116699469509
melina	PO3	beta_13_30	0.0115108742029
melina	PO3	low_gamma_30_45	0.00518600583018
melina	O1	delta_1_4	0.582267027348
melina	O1	theta_4_8	0.00790720677469
melina	O1	alpha_8_13	0.0121541253175
melina	O1	beta_13_30	0.0107809202163
melina	O1	low_gamma_30_45	0.00443168608035
melina	Oz	delta_1_4	0.558305095881
melina	Oz	theta_4_8	0.0106281321496
melina	Oz	alpha_8_13	0.00941619370133
melina	Oz	beta_13_30	0.0102274066739
melina	Oz	low_gamma_30_45	0.0047978103612
melina	O2	delta_1_4	0.640140451491
melina	O2	theta_4_8	0.00984703982249
melina	O2	alpha_8_13	0.00815525639337
melina	O2	beta_13_30	0.0148652369244
melina	O2	low_gamma_30_45	0.00872751761563
melina	PO4	delta_1_4	0.631946705282
melina	PO4	theta_4_8	0.00976740696933
melina	PO4	alpha_8_13	0.0122751255985
melina	PO4	beta_13_30	0.0120224618295
melina	PO4	low_gamma_30_45	0.0048768416018
melina	Pz	delta_1_4	0.453091710806
melina	Pz	theta_4_8	0.0343094170094
melina	Pz	alpha_8_13	0.00848128215875
melina	Pz	beta_13_30	0.0199420278295
melina	Pz	low_gamma_30_45	0.00551757000267
melina	CP1	delta_1_4	0.48737166822
melina	CP1	theta_4_8	0.012918805005
melina	CP1	alpha_8_13	0.0116412020288
melina	CP1	beta_13_30	0.0124557753734
melina	CP1	low_gamma_30_45	0.00296248146333
melina	FC1	delta_1_4	0.163096752018
melina	FC1	theta_4_8	0.0258061939385
melina	FC1	alpha_8_13	0.013851666823
melina	FC1	beta_13_30	0.0154278699047
melina	FC1	low_gamma_30_45	0.00466732188215
melina	P3	delta_1_4	0.562656447291
melina	P3	theta_4_8	0.0115147468168
melina	P3	alpha_8_13	0.00782133697066
melina	P3	beta_13_30	0.0156420604617
melina	P3	low_gamma_30_45	0.00425387536961
melina	C3	delta_1_4	0.0619032876566
melina	C3	theta_4_8	0.00557040044805
melina	C3	alpha_8_13	0.0050581630785
melina	C3	beta_13_30	0.0141029701554
melina	C3	low_gamma_30_45	0.00463692473568
melina	F3	delta_1_4	0.29620199278
melina	F3	theta_4_8	0.0253948858008
melina	F3	alpha_8_13	0.0161526545417
melina	F3	beta_13_30	0.0410624834185
melina	F3	low_gamma_30_45	0.015370145702
melina	F7	delta_1_4	0.593180865049
melina	F7	theta_4_8	0.0529127912596
melina	F7	alpha_8_13	0.0127118293312
melina	F7	beta_13_30	0.0371240096283
melina	F7	low_gamma_30_45	0.00569436704973
melina	FC5	delta_1_4	0.124244669452
melina	FC5	theta_4_8	0.00607487373054
melina	FC5	alpha_8_13	0.00957711064257
melina	FC5	beta_13_30	0.0235801206436
melina	FC5	low_gamma_30_45	0.00817938191176
melina	CP5	delta_1_4	0.0784105984494
melina	CP5	theta_4_8	0.0042071256903
melina	CP5	alpha_8_13	0.00332384047215
melina	CP5	beta_13_30	0.0166291586465
melina	CP5	low_gamma_30_45	0.00725405276535
melina	T7	delta_1_4	0.146044295281
melina	T7	theta_4_8	0.0166420342866
melina	T7	alpha_8_13	0.00573412759695
melina	T7	beta_13_30	0.0271719170851
melina	T7	low_gamma_30_45	0.0187856273842
melina	P7	delta_1_4	0.427458569407
melina	P7	theta_4_8	0.0169341720175
melina	P7	alpha_8_13	0.0141175410245
melina	P7	beta_13_30	0.0231662786682
melina	P7	low_gamma_30_45	0.00539038924035
zar	P8	delta_1_4	6.2208070159
zar	P8	theta_4_8	0.159776027314
zar	P8	alpha_8_13	0.0609983522445
zar	P8	beta_13_30	0.0879403299186
zar	P8	low_gamma_30_45	0.0218406404019
zar	T8	delta_1_4	0.308615297079
zar	T8	theta_4_8	0.0873360969126
zar	T8	alpha_8_13	0.0297639658675
zar	T8	beta_13_30	0.0366880770889
zar	T8	low_gamma_30_45	0.0181958711764
zar	CP6	delta_1_4	0.42844286561
zar	CP6	theta_4_8	0.0265671852976
zar	CP6	alpha_8_13	0.0757563868538
zar	CP6	beta_13_30	0.0553382405778
zar	CP6	low_gamma_30_45	0.0141430486983
zar	FC6	delta_1_4	2.86656093597
zar	FC6	theta_4_8	0.0531507581472
zar	FC6	alpha_8_13	0.0158595710527
zar	FC6	beta_13_30	0.0387410188559
zar	FC6	low_gamma_30_45	0.0100286079914
zar	F8	delta_1_4	3.03874754906
zar	F8	theta_4_8	0.0877213645726
zar	F8	alpha_8_13	0.039370409213
zar	F8	beta_13_30	0.0497698066756
zar	F8	low_gamma_30_45	0.0367009403999
zar	F4	delta_1_4	6.22683024406
zar	F4	theta_4_8	0.0751747959293
zar	F4	alpha_8_13	0.0499121346511
zar	F4	beta_13_30	0.0586852212145
zar	F4	low_gamma_30_45	0.0233896516438
zar	C4	delta_1_4	2.90539216995
zar	C4	theta_4_8	0.0504673691466
zar	C4	alpha_8_13	0.0528669041814
zar	C4	beta_13_30	0.0265889693837
zar	C4	low_gamma_30_45	0.0191084201724
zar	P4	delta_1_4	0.336959313601
zar	P4	theta_4_8	0.036147124134
zar	P4	alpha_8_13	0.0397981926799
zar	P4	beta_13_30	0.0555042637861
zar	P4	low_gamma_30_45	0.00972567789722
zar	AF4	delta_1_4	6.24403810501
zar	AF4	theta_4_8	0.0866746571846
zar	AF4	alpha_8_13	0.050356219057
zar	AF4	beta_13_30	0.0657630907372
zar	AF4	low_gamma_30_45	0.0272863415885
zar	Fp2	delta_1_4	4.81665062904
zar	Fp2	theta_4_8	0.120587650687
zar	Fp2	alpha_8_13	0.091649914626
zar	Fp2	beta_13_30	0.365937229479
zar	Fp2	low_gamma_30_45	0.110791052226
zar	Fp1	delta_1_4	3.51910111308
zar	Fp1	theta_4_8	0.110628319904
zar	Fp1	alpha_8_13	0.154066733085
zar	Fp1	beta_13_30	0.476965272683
zar	Fp1	low_gamma_30_45	0.19346653088
zar	AF3	delta_1_4	3.94111424685
zar	AF3	theta_4_8	0.186180794612
zar	AF3	alpha_8_13	0.0956467567012
zar	AF3	beta_13_30	0.0864532808773
zar	AF3	low_gamma_30_45	0.0150733783667
zar	FC2	delta_1_4	7.21982383728
zar	FC2	theta_4_8	0.156664391048
zar	FC2	alpha_8_13	0.0567569995765
zar	FC2	beta_13_30	0.0724377838778
zar	FC2	low_gamma_30_45	0.0195446574362
zar	Cz	delta_1_4	4.10531944036
zar	Cz	theta_4_8	0.152562668547
zar	Cz	alpha_8_13	0.0945672560483
zar	Cz	beta_13_30	0.0792126851738
zar	Cz	low_gamma_30_45	0.0118182616643
zar	CP2	delta_1_4	0.356454558671
zar	CP2	theta_4_8	0.0298453150317
zar	CP2	alpha_8_13	0.0394980525598
zar	CP2	beta_13_30	0.0621897464443
zar	CP2	low_gamma_30_45	0.010138462254
zar	PO3	delta_1_4	14.0380158424
zar	PO3	theta_4_8	0.22603345383
zar	PO3	alpha_8_13	0.148656120524
zar	PO3	beta_13_30	0.0599935099017
zar	PO3	low_gamma_30_45	0.0210874740151
zar	O1	delta_1_4	15.1943984032
zar	O1	theta_4_8	0.263052290305
zar	O1	alpha_8_13	0.157488772646
zar	O1	beta_13_30	0.0527436628472
zar	O1	low_gamma_30_45	0.0310521170613
zar	Oz	delta_1_4	11.2049299479
zar	Oz	theta_4_8	0.317509233952
zar	Oz	alpha_8_13	0.311350636184
zar	Oz	beta_13_30	0.0870436076075
zar	Oz	low_gamma_30_45	0.0400664833141
zar	O2	delta_1_4	11.0387288332
zar	O2	theta_4_8	0.448783174157
zar	O2	alpha_8_13	0.22232132405
zar	O2	beta_13_30	0.123421120428
zar	O2	low_gamma_30_45	0.0193431761436
zar	PO4	delta_1_4	10.5517801046
zar	PO4	theta_4_8	0.419620774686
zar	PO4	alpha_8_13	0.205758269876
zar	PO4	beta_13_30	0.130919218529
zar	PO4	low_gamma_30_45	0.0289589381719
zar	Pz	delta_1_4	1.01440085471
zar	Pz	theta_4_8	0.0536582390778
zar	Pz	alpha_8_13	0.0258534364402
zar	Pz	beta_13_30	0.0366357149323
zar	Pz	low_gamma_30_45	0.0101116766164
zar	CP1	delta_1_4	0.289469957352
zar	CP1	theta_4_8	0.0443685525097
zar	CP1	alpha_8_13	0.0863198442385
zar	CP1	beta_13_30	0.0163190837775
zar	CP1	low_gamma_30_45	0.0125355002674
zar	FC1	delta_1_4	4.06024807692
zar	FC1	theta_4_8	0.175991154276
zar	FC1	alpha_8_13	0.0818595448509
zar	FC1	beta_13_30	0.0812110896077
zar	FC1	low_gamma_30_45	0.00758358801249
zar	P3	delta_1_4	3.82433873415
zar	P3	theta_4_8	0.0407982543111
zar	P3	alpha_8_13	0.00918543990701
zar	P3	beta_13_30	0.0248252129531
zar	P3	low_gamma_30_45	0.00536690605077
zar	C3	delta_1_4	0.7151619941
zar	C3	theta_4_8	0.0605459432118
zar	C3	alpha_8_13	0.0876589370891
zar	C3	beta_13_30	0.0290049823816
zar	C3	low_gamma_30_45	0.0100402184471
zar	F3	delta_1_4	4.09568977356
zar	F3	theta_4_8	0.185542165302
zar	F3	alpha_8_13	0.0848973337561
zar	F3	beta_13_30	0.102797868429
zar	F3	low_gamma_30_45	0.0176851951983
zar	F7	delta_1_4	1.76954858005
zar	F7	theta_4_8	0.146840803325
zar	F7	alpha_8_13	0.0523009654135
zar	F7	beta_13_30	0.233601658605
zar	F7	low_gamma_30_45	0.038593478268
zar	FC5	delta_1_4	1.06922470033
zar	FC5	theta_4_8	0.0747940782458
zar	FC5	alpha_8_13	0.0422254260629
zar	FC5	beta_13_30	0.0658268865955
zar	FC5	low_gamma_30_45	0.012091909477
zar	CP5	delta_1_4	4.19576025009
zar	CP5	theta_4_8	0.180462252349
zar	CP5	alpha_8_13	0.0523881381378
zar	CP5	beta_13_30	0.069599220471
zar	CP5	low_gamma_30_45	0.0101328804303
zar	T7	delta_1_4	0.113848030567
zar	T7	theta_4_8	0.172609776258
zar	T7	alpha_8_13	0.0491512077861
zar	T7	beta_13_30	0.0824105405482
zar	T7	low_gamma_30_45	0.0283642051509
zar	P7	delta_1_4	5.59551846981
zar	P7	theta_4_8	0.247649721801
zar	P7	alpha_8_13	0.0683361459523
zar	P7	beta_13_30	0.0686601896305
zar	P7	low_gamma_30_45	0.0178600487998
