row	subject_folder	trigger	category	is_repeat	epoch_valid	artifact_status	usable_after_rejection	peak_abs_uv	rms_uv	mean_uv	std_uv
0	P04	1096	beaver	False	True	pass	True	28.764587	6.590806	0.000003	6.590806
1	P04	1124	nightshirt	False	True	pass	True	36.617985	7.206796	0.000004	7.206796
2	P04	1006	cardinal	False	True	pass	True	50.817715	11.466905	-0.000000	11.466905
3	P04	1071	mongoose	False	True	pass	True	15.483249	2.847466	-0.000001	2.847466
4	P04	1077	bison	False	True	pass	True	31.169241	7.792957	0.000000	7.792957
5	P04	1159	pear	False	True	review	False	269.932465	41.680496	-0.000002	41.680496
6	P04	1062	antelope	False	True	pass	True	39.572697	10.481272	0.000004	10.481272
7	P04	1145	rocking_chair	False	True	pass	True	242.678101	22.392950	-0.000001	22.392950
8	P04	1015	moose	False	True	pass	True	38.235786	9.146388	0.000001	9.146388
9	P04	1092	bunkbed	False	True	pass	True	25.593081	5.110958	-0.000003	5.110958
10	P04	1001	limousine	False	True	pass	True	46.885094	12.005691	-0.000002	12.005691
11	P04	1160	clam	False	True	review	False	257.353577	23.256439	-0.000003	23.256439
12	P04	1020	television	False	True	pass	True	44.621235	11.648336	0.000000	11.648336
13	P04	1104	speaker	False	True	pass	True	25.380703	7.620741	0.000001	7.620741
14	P04	1134	sleeping_bag	False	True	pass	True	74.736214	13.323302	-0.000001	13.323302
15	P04	1147	lemonade	False	True	pass	True	57.212852	11.952569	-0.000005	11.952569
16	P04	1121	sunglasses	False	True	pass	True	241.533798	20.832655	0.000003	20.832655
17	P04	1035	lizard	False	True	pass	True	133.611252	12.760961	0.000005	12.760960
18	P04	1052	wallpaper	False	True	pass	True	36.113758	8.874734	-0.000005	8.874734
19	P04	1132	polar_bear	False	True	pass	True	19.294693	4.356102	0.000003	4.356102
20	P04	1071	mongoose	True	True	pass	True	61.277447	13.385424	-0.000001	13.385422
21	P04	1150	chick	False	True	pass	True	25.925009	7.617639	0.000001	7.617639
22	P04	1134	sleeping_bag	True	True	pass	True	41.059998	9.742235	0.000013	9.742235
23	P04	1053	reindeer	False	True	pass	True	42.931583	12.085399	-0.000001	12.085400
24	P04	1060	squirrel	False	True	pass	True	23.044584	4.725917	-0.000004	4.725917
25	P04	1001	limousine	True	True	review	False	254.358582	25.731607	0.000001	25.731607
26	P04	1115	marshmallow	False	True	pass	True	28.134253	6.056480	-0.000008	6.056480
27	P04	1159	pear	True	True	pass	True	230.483414	22.320095	0.000000	22.320095
28	P04	1012	burrito	False	True	pass	True	37.350552	6.807961	0.000009	6.807961
29	P04	1036	ladybug	False	True	pass	True	22.648626	5.756091	0.000005	5.756091
30	P04	1045	goose	False	True	pass	True	24.207508	5.039578	-0.000006	5.039578
31	P04	1095	mouse2	False	True	pass	True	35.653408	8.183332	-0.000007	8.183332
32	P04	1144	tarantula	False	True	review	False	267.274506	15.942968	-0.000003	15.942968
33	P04	1057	eggnog	False	True	pass	True	25.476442	5.567822	0.000011	5.567821
34	P04	1112	hard_disk	False	True	pass	True	46.331223	11.943087	0.000003	11.943087
35	P04	1108	possum	False	True	pass	True	38.685902	9.494559	-0.000005	9.494560
36	P04	1160	clam	True	True	pass	True	32.372719	8.821541	-0.000001	8.821541
37	P04	1031	fish	False	True	pass	True	38.218174	9.307111	0.000007	9.307111
38	P04	1016	ant	False	True	pass	True	35.720528	7.531518	0.000009	7.531518
39	P04	1118	candy_bar	False	True	pass	True	240.436172	26.490208	0.000006	26.490208
40	P04	1050	artichoke	False	True	pass	True	40.968117	8.288173	0.000002	8.288173
41	P04	1157	barnacle	False	True	pass	True	37.042313	4.868716	0.000003	4.868716
42	P04	1098	stool	False	True	review	False	438.279327	76.225792	0.000009	76.225784
43	P04	1073	bull	False	True	pass	True	112.312614	22.489193	0.000007	22.489191
44	P04	1020	television	True	True	pass	True	22.088614	3.888279	-0.000011	3.888279
45	P04	1151	tractor	False	True	pass	True	64.161621	18.950657	-0.000009	18.950657
46	P04	1119	star_fruit	False	True	pass	True	52.400723	13.169237	-0.000004	13.169237
47	P04	1011	raspberry	False	True	pass	True	37.151077	9.098364	-0.000003	9.098364
48	P04	1137	lamb	False	True	pass	True	38.389168	9.981960	0.000007	9.981960
49	P04	1104	speaker	True	True	review	False	286.070831	60.118855	0.000011	60.118858
50	P04	1110	jet	False	True	pass	True	19.041265	3.714412	-0.000003	3.714412
51	P04	1144	tarantula	True	True	pass	True	32.610332	8.525206	0.000004	8.525206
52	P04	1006	cardinal	True	True	pass	True	28.093611	5.443541	-0.000009	5.443541
53	P04	1097	sandwich	False	True	pass	True	10.945733	2.635638	0.000003	2.635638
54	P04	1090	garlic	False	True	pass	True	17.650703	4.243495	-0.000003	4.243495
55	P04	1101	boat	False	True	pass	True	35.934822	8.773206	0.000001	8.773206
56	P04	1132	polar_bear	True	True	pass	True	16.311138	3.776184	0.000002	3.776184
57	P04	1047	drawer	False	True	pass	True	31.829285	6.381902	0.000007	6.381902
58	P04	1026	asparagus	False	True	pass	True	26.452091	6.381547	-0.000003	6.381547
59	P04	1046	tiramisu	False	True	pass	True	34.736485	6.520620	0.000002	6.520620
60	P04	1110	jet	True	True	pass	True	38.902737	5.556346	-0.000011	5.556345
61	P04	1149	mole	False	True	pass	True	42.775246	11.037059	-0.000001	11.037059
62	P04	1023	wolf	False	True	pass	True	26.640083	6.534770	-0.000002	6.534770
63	P04	1125	sundae	False	True	pass	True	71.981346	8.255239	0.000001	8.255239
64	P04	1037	steamroller	False	True	pass	True	30.281815	7.156195	0.000004	7.156195
65	P04	1120	owl	False	True	pass	True	41.996021	10.599160	0.000012	10.599161
66	P04	1015	moose	True	True	pass	True	37.575745	6.370995	0.000003	6.370995
67	P04	1121	sunglasses	True	True	pass	True	36.663700	7.667930	0.000003	7.667930
68	P04	1049	rat	False	True	pass	True	39.110035	9.325648	-0.000003	9.325647
69	P04	1032	pants	False	True	pass	True	32.957848	7.079616	-0.000011	7.079616
70	P04	1063	car	False	True	pass	True	55.851013	15.028049	-0.000005	15.028049
71	P04	1118	candy_bar	True	True	pass	True	158.061157	12.989473	-0.000006	12.989473
72	P04	1092	bunkbed	True	True	pass	True	35.493557	9.086231	-0.000005	9.086230
73	P04	1038	cupcake	False	True	pass	True	32.463142	7.689265	-0.000012	7.689265
74	P04	1061	taco	False	True	pass	True	34.845768	8.085146	-0.000001	8.085147
75	P04	1130	showerhead	False	True	pass	True	50.095104	12.867626	0.000006	12.867627
76	P04	1143	mango	False	True	review	False	328.488403	43.022446	0.000003	43.022446
77	P04	1123	sorbet	False	True	pass	True	30.793180	7.007660	-0.000000	7.007660
78	P04	1013	banana	False	True	pass	True	85.976540	23.333427	0.000011	23.333426
79	P04	1139	earwig	False	True	pass	True	25.550406	6.686354	-0.000006	6.686354
80	P04	1079	puppy	False	True	pass	True	25.429020	5.389934	-0.000011	5.389934
81	P04	1082	necklace	False	True	pass	True	59.751717	17.770721	-0.000011	17.770721
82	P04	1131	eel	False	True	pass	True	64.527115	17.089867	-0.000005	17.089865
83	P04	1143	mango	True	True	pass	True	165.012939	12.669631	-0.000008	12.669631
84	P04	1109	wasp	False	True	pass	True	47.854427	13.249396	0.000003	13.249396
85	P04	1046	tiramisu	True	True	pass	True	26.062958	7.061957	-0.000004	7.061957
86	P04	1133	cockatoo	False	True	pass	True	33.370808	5.797130	0.000006	5.797130
87	P04	1002	pea	False	True	pass	True	61.601006	15.855144	0.000004	15.855144
88	P04	1135	pony	False	True	pass	True	28.845467	6.030746	0.000000	6.030746
89	P04	1125	sundae	True	True	pass	True	169.062317	15.283545	-0.000002	15.283545
90	P04	1124	nightshirt	True	True	pass	True	25.640882	5.296249	-0.000000	5.296249
91	P04	1140	kayak	False	True	pass	True	23.538130	4.542974	-0.000007	4.542974
92	P04	1059	zucchini	False	True	pass	True	29.210278	5.685680	-0.000007	5.685680
93	P04	1040	panda	False	True	pass	True	45.909416	10.916112	-0.000005	10.916112
94	P04	1061	taco	True	True	pass	True	26.297358	5.607172	0.000005	5.607172
95	P04	1107	omelet	False	True	pass	True	27.320812	7.130773	0.000016	7.130772
96	P04	1086	pasta	False	True	pass	True	40.391743	8.576252	0.000001	8.576252
97	P04	1010	pineapple	False	True	pass	True	30.154314	6.037369	-0.000001	6.037369
98	P04	1127	space_shuttle	False	True	pass	True	28.535231	6.886118	-0.000005	6.886118
99	P04	1155	kale	False	True	pass	True	48.544277	11.900556	0.000009	11.900557
100	P04	1152	speedboat	False	True	review	False	251.376419	47.378490	0.000003	47.378490
101	P04	1008	keyboard	False	True	pass	True	113.273735	23.982006	-0.000006	23.982006
102	P04	1042	eagle	False	True	pass	True	22.614271	6.337354	0.000004	6.337354
103	P04	1028	meatball	False	True	pass	True	36.559689	9.435505	-0.000003	9.435505
104	P04	1062	antelope	True	True	pass	True	36.108727	8.950741	0.000006	8.950741
105	P04	1085	frog	False	True	pass	True	27.585871	6.271240	0.000000	6.271240
106	P04	1074	cobra	False	True	pass	True	29.302639	7.039649	-0.000003	7.039649
107	P04	1103	blazer	False	True	pass	True	229.641708	13.643814	-0.000000	13.643814
108	P04	1017	carrot	False	True	pass	True	35.039566	8.922802	-0.000008	8.922802
109	P04	1126	helicopter	False	True	pass	True	30.993574	6.982626	-0.000016	6.982626
110	P04	1106	swordfish	False	True	pass	True	223.182648	19.097536	-0.000006	19.097536
111	P04	1068	radio	False	True	pass	True	43.859734	9.297403	0.000001	9.297404
112	P04	1100	champagne	False	True	pass	True	38.912212	6.700836	0.000005	6.700835
113	P04	1084	cheetah	False	True	pass	True	18.148298	3.472498	0.000009	3.472498
114	P04	1120	owl	True	True	pass	True	45.466610	10.748853	0.000004	10.748853
115	P04	1129	workbench	False	True	pass	True	49.957199	12.946025	0.000009	12.946025
116	P04	1053	reindeer	True	True	pass	True	15.730993	4.355926	0.000001	4.355926
117	P04	1039	sailboat	False	True	pass	True	47.920181	11.929788	-0.000004	11.929787
118	P04	1111	creme_brulee	False	True	pass	True	42.648449	10.193453	-0.000002	10.193454
119	P04	1012	burrito	True	True	pass	True	54.559681	7.832962	0.000005	7.832963
120	P04	1067	taffy	False	True	pass	True	31.828384	5.511679	0.000001	5.511679
121	P04	1084	cheetah	True	True	pass	True	118.793930	12.111498	-0.000014	12.111497
122	P04	1082	necklace	True	True	pass	True	26.653347	5.856177	-0.000001	5.856177
123	P04	1051	yacht	False	True	pass	True	40.886837	10.297038	-0.000005	10.297037
124	P04	1091	kitten	False	True	pass	True	36.868855	9.011134	0.000011	9.011134
125	P04	1081	police_car	False	True	pass	True	44.872169	10.711716	0.000007	10.711716
126	P04	1154	chandelier	False	True	pass	True	38.322853	9.714106	-0.000004	9.714106
127	P04	1087	bathrobe	False	True	pass	True	30.928423	8.041701	0.000015	8.041701
128	P04	1065	cabinet	False	True	pass	True	25.439438	5.089149	0.000022	5.089149
129	P04	1114	spinach	False	True	pass	True	16.974977	4.160475	0.000007	4.160475
130	P04	1138	ping-pong_table	False	True	pass	True	29.157463	7.767218	0.000016	7.767218
131	P04	1113	firetruck	False	True	pass	True	226.410706	21.787483	0.000007	21.787485
132	P04	1021	tea	False	True	pass	True	33.794197	7.593783	0.000001	7.593783
133	P04	1023	wolf	True	True	pass	True	200.042816	16.189034	0.000009	16.189035
134	P04	1093	duckling	False	True	pass	True	25.918236	5.856739	-0.000010	5.856738
135	P04	1146	cheesecake	False	True	pass	True	25.488340	7.222638	0.000002	7.222638
136	P04	1045	goose	True	True	pass	True	27.743618	7.331220	-0.000013	7.331220
137	P04	1156	coconut	False	True	pass	True	26.832516	6.410395	-0.000001	6.410396
138	P04	1058	loveseat	False	True	pass	True	21.247900	4.501564	-0.000006	4.501564
139	P04	1055	seagull	False	True	pass	True	20.165581	5.432390	0.000005	5.432390
140	P04	1056	leggings	False	True	pass	True	46.244022	6.892031	-0.000019	6.892031
141	P04	1054	bathtub	False	True	pass	True	53.486019	15.392355	-0.000008	15.392356
142	P04	1034	bracelet1	False	True	pass	True	31.634087	7.234738	0.000012	7.234738
143	P04	1003	shorts	False	True	pass	True	34.366901	8.087499	0.000003	8.087500
144	P04	1078	sea_urchin	False	True	pass	True	42.761135	9.857468	-0.000005	9.857468
145	P04	1105	gorilla	False	True	pass	True	20.957705	4.355235	-0.000008	4.355235
146	P04	1129	workbench	True	True	pass	True	200.223312	13.624434	0.000003	13.624434
147	P04	1088	slipper	False	True	pass	True	51.892933	13.071200	-0.000001	13.071200
148	P04	1102	crab	False	True	pass	True	32.098263	7.948144	-0.000001	7.948144
149	P04	1033	helmet	False	True	pass	True	32.283455	6.518041	-0.000001	6.518041
150	P04	1141	peach	False	True	pass	True	30.859203	5.723220	0.000010	5.723219
151	P04	1130	showerhead	True	True	pass	True	38.794369	8.933666	0.000010	8.933665
152	P04	1150	chick	True	True	pass	True	249.176392	23.479567	-0.000011	23.479567
153	P04	1145	rocking_chair	True	True	pass	True	118.274834	10.340300	-0.000008	10.340300
154	P04	1094	onion	False	True	pass	True	32.724545	7.370636	0.000007	7.370636
155	P04	1153	donut	False	True	pass	True	26.567856	5.785938	0.000008	5.785938
156	P04	1027	memory_stick	False	True	pass	True	44.102562	12.283054	-0.000006	12.283054
157	P04	1014	shark	False	True	pass	True	25.549530	7.368163	0.000004	7.368163
158	P04	1025	llama	False	True	pass	True	28.423843	6.768438	0.000003	6.768438
159	P04	1148	broccoli	False	True	pass	True	40.028831	7.989813	-0.000000	7.989813
160	P04	1147	lemonade	True	True	pass	True	29.564030	7.722369	-0.000014	7.722368
161	P04	1083	shirt	False	True	pass	True	31.854969	7.755975	-0.000004	7.755975
162	P04	1041	octopus	False	True	pass	True	51.211102	13.806558	-0.000007	13.806557
163	P04	1018	coffee	False	True	pass	True	45.538109	9.360858	0.000004	9.360858
164	P04	1136	snake	False	True	pass	True	27.568134	5.584069	-0.000000	5.584069
165	P04	1044	raccoon	False	True	pass	True	240.512238	17.723072	0.000004	17.723072
166	P04	1027	memory_stick	True	True	pass	True	17.598896	3.889857	0.000011	3.889857
167	P04	1128	toad	False	True	pass	True	19.238070	4.604545	0.000017	4.604545
168	P04	1043	ostrich	False	True	pass	True	31.863388	6.981096	0.000002	6.981096
169	P04	1099	tricycle	False	True	pass	True	194.638672	16.283691	-0.000003	16.283691
170	P04	1117	hamster	False	True	pass	True	32.440498	6.647174	-0.000011	6.647174
171	P04	1030	puffin	False	True	pass	True	31.520342	8.011102	-0.000003	8.011103
172	P04	1080	camcorder	False	True	pass	True	28.578228	7.852227	-0.000002	7.852227
173	P04	1070	dragonfly	False	True	pass	True	179.052383	21.195574	-0.000000	21.195574
174	P04	1007	mirror	False	True	pass	True	21.371511	5.205062	0.000005	5.205062
175	P04	1059	zucchini	True	True	pass	True	25.087185	5.520618	-0.000012	5.520619
176	P04	1158	bulldozer	False	True	pass	True	31.123215	6.395389	-0.000010	6.395389
177	P04	1051	yacht	True	True	pass	True	235.070938	19.405741	0.000001	19.405741
178	P04	1076	groundhog	False	True	pass	True	39.354584	9.440985	-0.000001	9.440984
179	P04	1122	webcam	False	True	review	False	286.344757	23.797968	0.000001	23.797968
180	P04	1052	wallpaper	True	True	pass	True	124.942131	17.240198	0.000001	17.240198
181	P04	1142	piglet	False	True	pass	True	29.414700	7.443055	0.000002	7.443054
182	P04	1064	fly	False	True	pass	True	25.739803	5.612558	0.000009	5.612558
183	P04	1060	squirrel	True	True	pass	True	227.381119	17.973305	0.000000	17.973305
184	P04	1048	sombrero	False	True	pass	True	42.561588	9.092625	-0.000002	9.092625
185	P04	1009	papaya	False	True	pass	True	32.931198	7.633018	0.000014	7.633018
186	P04	1072	blackberry	False	True	pass	True	41.354191	8.992639	-0.000019	8.992639
187	P04	1089	unicycle	False	True	pass	True	21.322802	4.810251	-0.000005	4.810251
188	P04	1075	filing_cabinet	False	True	pass	True	31.858707	7.428142	-0.000002	7.428142
189	P04	1029	sheep	False	True	pass	True	43.083363	10.279717	-0.000018	10.279717
190	P04	1069	rollerblade	False	True	pass	True	38.821838	7.752031	0.000008	7.752031
191	P04	1126	helicopter	True	True	pass	True	25.572626	6.079143	-0.000002	6.079143
192	P04	1019	videocassette	False	True	pass	True	229.283112	19.181543	0.000012	19.181543
193	P04	1005	ottoman	False	True	pass	True	40.465523	10.366570	0.000008	10.366570
194	P04	1116	praying_mantis	False	True	pass	True	45.106174	10.481317	0.000007	10.481317
195	P04	1022	shoe	False	True	pass	True	88.993851	8.205229	0.000000	8.205229
196	P04	1066	giraffe	False	True	pass	True	21.371056	5.059977	-0.000004	5.059977
197	P04	1004	dalmatian	False	True	pass	True	26.607225	5.957714	-0.000009	5.957713
198	P04	1157	barnacle	True	True	pass	True	44.746010	10.717256	0.000013	10.717256
199	P04	1024	lab_coat	False	True	pass	True	63.243999	10.785832	0.000010	10.785832
200	P05	1096	beaver	False	True	pass	True	14.548035	4.320603	0.000026	4.320602
201	P05	1124	nightshirt	False	True	pass	True	77.726715	8.258877	0.000012	8.258877
202	P05	1006	cardinal	False	True	pass	True	17.014433	5.140682	0.000031	5.140682
203	P05	1071	mongoose	False	True	pass	True	21.322001	5.592115	0.000009	5.592115
204	P05	1077	bison	False	True	pass	True	29.931770	6.340822	0.000031	6.340821
205	P05	1159	pear	False	True	pass	True	24.057884	5.034441	0.000023	5.034441
206	P05	1062	antelope	False	True	pass	True	78.895889	9.166306	0.000011	9.166307
207	P05	1145	rocking_chair	False	True	pass	True	71.439468	7.424879	-0.000029	7.424878
208	P05	1015	moose	False	True	pass	True	18.593229	5.856068	-0.000029	5.856068
209	P05	1092	bunkbed	False	True	pass	True	27.712505	7.282333	-0.000020	7.282333
210	P05	1001	limousine	False	True	pass	True	61.673851	7.045443	-0.000043	7.045444
211	P05	1160	clam	False	True	pass	True	78.385078	9.719748	-0.000002	9.719748
212	P05	1020	television	False	True	pass	True	77.500343	8.061677	0.000015	8.061677
213	P05	1104	speaker	False	True	pass	True	29.090292	6.038421	0.000016	6.038421
214	P05	1134	sleeping_bag	False	True	pass	True	82.478523	7.637516	0.000022	7.637516
215	P05	1147	lemonade	False	True	pass	True	72.442223	6.884888	-0.000031	6.884888
216	P05	1121	sunglasses	False	True	pass	True	62.038738	7.292540	0.000018	7.292540
217	P05	1035	lizard	False	True	pass	True	76.310036	8.590787	-0.000023	8.590787
218	P05	1052	wallpaper	False	True	pass	True	67.807007	7.612456	-0.000038	7.612456
219	P05	1132	polar_bear	False	True	pass	True	18.607552	4.458166	-0.000022	4.458166
220	P05	1071	mongoose	True	True	pass	True	80.704010	10.018861	-0.000003	10.018861
221	P05	1150	chick	False	True	pass	True	33.551033	5.078286	0.000026	5.078286
222	P05	1134	sleeping_bag	True	True	pass	True	81.222992	7.867411	-0.000007	7.867411
223	P05	1053	reindeer	False	True	pass	True	78.061928	8.748271	-0.000029	8.748270
224	P05	1060	squirrel	False	True	pass	True	36.732307	8.222204	-0.000059	8.222204
225	P05	1001	limousine	True	True	pass	True	68.122536	6.813256	-0.000010	6.813256
226	P05	1115	marshmallow	False	True	pass	True	128.973175	12.303882	0.000015	12.303882
227	P05	1159	pear	True	True	pass	True	42.814201	10.468549	0.000020	10.468549
228	P05	1012	burrito	False	True	pass	True	54.875362	7.875695	-0.000003	7.875695
229	P05	1036	ladybug	False	True	pass	True	73.638847	7.909927	0.000005	7.909927
230	P05	1045	goose	False	True	pass	True	28.385876	6.634877	-0.000017	6.634877
231	P05	1095	mouse2	False	True	pass	True	36.825954	7.944298	0.000007	7.944298
232	P05	1144	tarantula	False	True	pass	True	28.771177	5.384617	-0.000006	5.384616
233	P05	1057	eggnog	False	True	pass	True	46.329361	6.144052	0.000019	6.144053
234	P05	1112	hard_disk	False	True	pass	True	78.312248	8.762293	-0.000027	8.762293
235	P05	1108	possum	False	True	pass	True	76.604866	7.948869	-0.000025	7.948869
236	P05	1160	clam	True	True	pass	True	82.200363	6.574494	-0.000008	6.574495
237	P05	1031	fish	False	True	pass	True	74.958145	8.837588	-0.000058	8.837588
238	P05	1016	ant	False	True	pass	True	26.252991	6.568455	0.000007	6.568455
239	P05	1118	candy_bar	False	True	pass	True	64.993393	6.740874	-0.000013	6.740874
240	P05	1050	artichoke	False	True	pass	True	34.897289	6.986062	-0.000014	6.986062
241	P05	1157	barnacle	False	True	pass	True	86.734795	8.313027	-0.000029	8.313027
242	P05	1098	stool	False	True	pass	True	19.084833	4.856618	0.000018	4.856618
243	P05	1073	bull	False	True	pass	True	86.816322	9.376140	-0.000033	9.376140
244	P05	1020	television	True	True	pass	True	19.293188	4.141009	-0.000007	4.141009
245	P05	1151	tractor	False	True	pass	True	23.868755	6.188738	0.000003	6.188738
246	P05	1119	star_fruit	False	True	pass	True	24.056889	5.691999	-0.000007	5.691999
247	P05	1011	raspberry	False	True	pass	True	86.331322	7.495600	0.000021	7.495600
248	P05	1137	lamb	False	True	pass	True	37.356987	7.628844	0.000031	7.628844
249	P05	1104	speaker	True	True	pass	True	88.304726	9.546921	-0.000013	9.546921
250	P05	1110	jet	False	True	pass	True	85.309036	8.235353	0.000005	8.235353
251	P05	1144	tarantula	True	True	pass	True	22.941271	5.546567	0.000030	5.546567
252	P05	1006	cardinal	True	True	pass	True	17.325293	3.952893	-0.000022	3.952893
253	P05	1097	sandwich	False	True	pass	True	53.240784	5.271941	-0.000008	5.271941
254	P05	1090	garlic	False	True	pass	True	27.071024	6.505512	-0.000037	6.505512
255	P05	1101	boat	False	True	pass	True	21.433071	5.415945	0.000026	5.415945
256	P05	1132	polar_bear	True	True	pass	True	140.523911	15.239251	-0.000005	15.239251
257	P05	1047	drawer	False	True	pass	True	74.009476	8.417645	-0.000009	8.417645
258	P05	1026	asparagus	False	True	pass	True	24.841204	5.162086	0.000028	5.162086
259	P05	1046	tiramisu	False	True	pass	True	24.294605	5.828356	0.000025	5.828356
260	P05	1110	jet	True	True	pass	True	20.182068	5.607077	-0.000055	5.607076
261	P05	1149	mole	False	True	pass	True	88.035751	9.960537	-0.000021	9.960536
262	P05	1023	wolf	False	True	pass	True	14.678472	3.420990	-0.000010	3.420990
263	P05	1125	sundae	False	True	pass	True	71.824928	6.856890	0.000014	6.856890
264	P05	1037	steamroller	False	True	pass	True	84.481056	7.705383	0.000031	7.705383
265	P05	1120	owl	False	True	pass	True	19.330055	5.112916	0.000020	5.112916
266	P05	1015	moose	True	True	pass	True	61.658104	5.981067	-0.000051	5.981067
267	P05	1121	sunglasses	True	True	pass	True	19.252169	5.373544	0.000009	5.373544
268	P05	1049	rat	False	True	pass	True	21.779741	6.460002	0.000017	6.460002
269	P05	1032	pants	False	True	pass	True	83.329048	9.515321	0.000003	9.515321
270	P05	1063	car	False	True	pass	True	85.347786	8.550540	0.000006	8.550540
271	P05	1118	candy_bar	True	True	pass	True	77.148262	9.867785	-0.000025	9.867785
272	P05	1092	bunkbed	True	True	pass	True	15.920862	5.005612	0.000033	5.005612
273	P05	1038	cupcake	False	True	pass	True	22.496546	4.362395	-0.000010	4.362395
274	P05	1061	taco	False	True	pass	True	61.833416	6.483516	-0.000015	6.483516
275	P05	1130	showerhead	False	True	pass	True	21.206802	5.162217	0.000012	5.162217
276	P05	1143	mango	False	True	pass	True	61.851395	6.750333	-0.000021	6.750333
277	P05	1123	sorbet	False	True	pass	True	77.292336	8.781446	-0.000011	8.781446
278	P05	1013	banana	False	True	pass	True	27.554258	5.556028	0.000005	5.556028
279	P05	1139	earwig	False	True	pass	True	16.649393	4.246693	-0.000009	4.246692
280	P05	1079	puppy	False	True	pass	True	90.860207	9.440870	-0.000007	9.440870
281	P05	1082	necklace	False	True	pass	True	89.146454	8.074112	0.000001	8.074112
282	P05	1131	eel	False	True	pass	True	20.760487	5.574780	0.000048	5.574780
283	P05	1143	mango	True	True	pass	True	76.774162	8.376088	0.000045	8.376089
284	P05	1109	wasp	False	True	pass	True	22.776049	5.233150	-0.000009	5.233150
285	P05	1046	tiramisu	True	True	pass	True	28.948254	6.115184	0.000009	6.115183
286	P05	1133	cockatoo	False	True	pass	True	17.792055	5.322937	0.000002	5.322937
287	P05	1002	pea	False	True	pass	True	18.484575	4.775274	-0.000032	4.775274
288	P05	1135	pony	False	True	pass	True	25.500189	5.199878	0.000006	5.199878
289	P05	1125	sundae	True	True	pass	True	69.713844	6.194263	0.000022	6.194262
290	P05	1124	nightshirt	True	True	pass	True	28.018972	6.665688	0.000020	6.665688
291	P05	1140	kayak	False	True	pass	True	50.963314	7.437562	0.000003	7.437562
292	P05	1059	zucchini	False	True	pass	True	55.504402	6.411163	0.000034	6.411163
293	P05	1040	panda	False	True	pass	True	82.140335	9.041615	-0.000052	9.041615
294	P05	1061	taco	True	True	pass	True	73.726173	6.214587	-0.000009	6.214587
295	P05	1107	omelet	False	True	pass	True	73.999878	7.870497	0.000004	7.870497
296	P05	1086	pasta	False	True	pass	True	105.710335	10.739764	0.000023	10.739764
297	P05	1010	pineapple	False	True	pass	True	24.228146	5.456814	-0.000023	5.456814
298	P05	1127	space_shuttle	False	True	pass	True	29.468740	6.387990	-0.000018	6.387990
299	P05	1155	kale	False	True	pass	True	132.793823	14.405701	0.000039	14.405701
300	P05	1152	speedboat	False	True	pass	True	65.724327	7.884692	-0.000034	7.884692
301	P05	1008	keyboard	False	True	pass	True	22.156801	4.962696	-0.000001	4.962696
302	P05	1042	eagle	False	True	pass	True	74.987747	5.279236	0.000016	5.279236
303	P05	1028	meatball	False	True	pass	True	98.975609	10.360437	-0.000018	10.360437
304	P05	1062	antelope	True	True	pass	True	78.403046	8.901695	0.000006	8.901694
305	P05	1085	frog	False	True	pass	True	28.091043	6.847356	0.000001	6.847356
306	P05	1074	cobra	False	True	pass	True	20.474020	5.629457	-0.000001	5.629457
307	P05	1103	blazer	False	True	pass	True	20.515535	5.037646	0.000008	5.037646
308	P05	1017	carrot	False	True	pass	True	21.695864	6.069582	-0.000012	6.069581
309	P05	1126	helicopter	False	True	pass	True	31.667229	6.245842	0.000023	6.245842
310	P05	1106	swordfish	False	True	pass	True	94.971130	9.343625	-0.000019	9.343625
311	P05	1068	radio	False	True	pass	True	75.591232	8.013130	0.000001	8.013131
312	P05	1100	champagne	False	True	pass	True	81.377037	8.164375	0.000013	8.164375
313	P05	1084	cheetah	False	True	pass	True	37.207584	10.609448	-0.000009	10.609448
314	P05	1120	owl	True	True	pass	True	82.553719	8.150163	-0.000006	8.150163
315	P05	1129	workbench	False	True	pass	True	28.464506	7.983423	-0.000002	7.983422
316	P05	1053	reindeer	True	True	pass	True	36.946293	9.298173	-0.000000	9.298173
317	P05	1039	sailboat	False	True	pass	True	80.881454	9.998481	0.000013	9.998481
318	P05	1111	creme_brulee	False	True	pass	True	71.348854	8.000770	-0.000001	8.000770
319	P05	1012	burrito	True	True	pass	True	85.976456	10.540660	-0.000010	10.540660
320	P05	1067	taffy	False	True	pass	True	29.582954	6.451120	-0.000029	6.451120
321	P05	1084	cheetah	True	True	pass	True	88.639206	9.293941	-0.000009	9.293940
322	P05	1082	necklace	True	True	pass	True	87.175819	7.948810	-0.000007	7.948810
323	P05	1051	yacht	False	True	pass	True	24.383636	5.365737	0.000028	5.365737
324	P05	1091	kitten	False	True	pass	True	78.599648	9.361748	0.000026	9.361748
325	P05	1081	police_car	False	True	pass	True	14.873052	4.093684	-0.000003	4.093684
326	P05	1154	chandelier	False	True	pass	True	93.162918	10.741842	0.000032	10.741842
327	P05	1087	bathrobe	False	True	pass	True	91.551064	8.994396	-0.000016	8.994396
328	P05	1065	cabinet	False	True	pass	True	41.862228	8.075123	0.000020	8.075124
329	P05	1114	spinach	False	True	pass	True	53.104332	5.611275	0.000003	5.611275
330	P05	1138	ping-pong_table	False	True	pass	True	19.513107	5.505998	-0.000028	5.505998
331	P05	1113	firetruck	False	True	pass	True	82.815392	8.497738	0.000012	8.497738
332	P05	1021	tea	False	True	pass	True	32.128586	6.693147	0.000020	6.693147
333	P05	1023	wolf	True	True	pass	True	83.032097	7.500751	0.000015	7.500751
334	P05	1093	duckling	False	True	pass	True	20.241915	5.713905	-0.000024	5.713905
335	P05	1146	cheesecake	False	True	pass	True	26.659723	7.337500	-0.000011	7.337499
336	P05	1045	goose	True	True	pass	True	82.063957	8.872853	0.000001	8.872853
337	P05	1156	coconut	False	True	pass	True	74.029190	7.073258	-0.000025	7.073258
338	P05	1058	loveseat	False	True	pass	True	103.083893	10.939385	0.000012	10.939385
339	P05	1055	seagull	False	True	pass	True	142.057968	15.889722	-0.000002	15.889722
340	P05	1056	leggings	False	True	pass	True	70.725876	8.020577	0.000005	8.020577
341	P05	1054	bathtub	False	True	pass	True	39.956829	6.947315	-0.000012	6.947315
342	P05	1034	bracelet1	False	True	pass	True	75.766098	7.423213	0.000017	7.423213
343	P05	1003	shorts	False	True	pass	True	84.480507	7.467192	0.000010	7.467192
344	P05	1078	sea_urchin	False	True	pass	True	74.002129	8.390664	-0.000008	8.390664
345	P05	1105	gorilla	False	True	pass	True	76.331230	6.674773	-0.000008	6.674773
346	P05	1129	workbench	True	True	pass	True	81.904991	7.659960	0.000040	7.659960
347	P05	1088	slipper	False	True	pass	True	72.146156	8.268497	0.000028	8.268497
348	P05	1102	crab	False	True	pass	True	82.731018	8.217694	0.000027	8.217694
349	P05	1033	helmet	False	True	pass	True	77.574326	9.436152	0.000010	9.436152
350	P05	1141	peach	False	True	pass	True	13.278662	4.092228	0.000001	4.092228
351	P05	1130	showerhead	True	True	pass	True	67.976845	10.583963	0.000009	10.583963
352	P05	1150	chick	True	True	pass	True	28.929510	6.399282	0.000006	6.399282
353	P05	1145	rocking_chair	True	True	pass	True	79.618752	9.116673	0.000015	9.116673
354	P05	1094	onion	False	True	pass	True	73.988472	7.241870	0.000018	7.241870
355	P05	1153	donut	False	True	pass	True	155.353943	15.716583	-0.000004	15.716582
356	P05	1027	memory_stick	False	True	pass	True	82.204819	9.448773	0.000034	9.448774
357	P05	1014	shark	False	True	pass	True	85.053093	10.121497	0.000023	10.121497
358	P05	1025	llama	False	True	pass	True	25.721212	7.094023	-0.000021	7.094023
359	P05	1148	broccoli	False	True	pass	True	18.646154	4.907962	0.000024	4.907962
360	P05	1147	lemonade	True	True	pass	True	37.408268	7.685037	0.000028	7.685037
361	P05	1083	shirt	False	True	pass	True	31.228853	8.003834	0.000003	8.003835
362	P05	1041	octopus	False	True	pass	True	18.167545	5.255668	-0.000024	5.255668
363	P05	1018	coffee	False	True	pass	True	29.664965	6.936532	0.000023	6.936532
364	P05	1136	snake	False	True	pass	True	87.625084	8.185779	-0.000023	8.185779
365	P05	1044	raccoon	False	True	pass	True	85.008255	8.452213	0.000013	8.452213
366	P05	1027	memory_stick	True	True	pass	True	97.907272	11.359422	-0.000004	11.359423
367	P05	1128	toad	False	True	pass	True	21.561495	5.061781	-0.000004	5.061781
368	P05	1043	ostrich	False	True	pass	True	74.244614	8.135882	0.000001	8.135882
369	P05	1099	tricycle	False	True	pass	True	18.122412	4.466116	-0.000015	4.466116
370	P05	1117	hamster	False	True	pass	True	80.016663	8.816802	-0.000002	8.816802
371	P05	1030	puffin	False	True	pass	True	22.452435	4.938318	0.000032	4.938318
372	P05	1080	camcorder	False	True	pass	True	25.907566	6.933342	-0.000006	6.933342
373	P05	1070	dragonfly	False	True	pass	True	75.653564	7.856268	-0.000018	7.856268
374	P05	1007	mirror	False	True	pass	True	86.250244	8.753895	0.000014	8.753895
375	P05	1059	zucchini	True	True	pass	True	73.082207	7.965576	0.000015	7.965576
376	P05	1158	bulldozer	False	True	pass	True	94.841591	9.251504	0.000039	9.251504
377	P05	1051	yacht	True	True	pass	True	81.004776	8.306254	0.000017	8.306254
378	P05	1076	groundhog	False	True	pass	True	92.593697	9.320974	0.000001	9.320974
379	P05	1122	webcam	False	True	pass	True	84.535164	8.049702	-0.000002	8.049702
380	P05	1052	wallpaper	True	True	pass	True	21.595156	4.794060	0.000014	4.794060
381	P05	1142	piglet	False	True	pass	True	22.475210	5.932610	-0.000003	5.932609
382	P05	1064	fly	False	True	pass	True	68.691925	8.471339	0.000003	8.471339
383	P05	1060	squirrel	True	True	pass	True	71.672119	7.388811	-0.000008	7.388811
384	P05	1048	sombrero	False	True	pass	True	82.433533	8.206016	-0.000024	8.206015
385	P05	1009	papaya	False	True	pass	True	78.716736	8.358777	0.000018	8.358777
386	P05	1072	blackberry	False	True	pass	True	22.983412	5.406255	-0.000004	5.406255
387	P05	1089	unicycle	False	True	pass	True	17.732462	4.892237	0.000002	4.892237
388	P05	1075	filing_cabinet	False	True	pass	True	79.588982	8.653055	0.000040	8.653055
389	P05	1029	sheep	False	True	pass	True	162.787842	13.437170	0.000005	13.437170
390	P05	1069	rollerblade	False	True	pass	True	73.883774	7.798866	0.000010	7.798866
391	P05	1126	helicopter	True	True	pass	True	18.216547	4.669043	0.000023	4.669043
392	P05	1019	videocassette	False	True	pass	True	79.248940	10.101822	0.000031	10.101822
393	P05	1005	ottoman	False	True	pass	True	26.733923	7.495914	0.000008	7.495914
394	P05	1116	praying_mantis	False	True	pass	True	50.343422	7.644853	-0.000027	7.644852
395	P05	1022	shoe	False	True	pass	True	76.351738	9.815015	-0.000010	9.815016
396	P05	1066	giraffe	False	True	pass	True	80.351532	10.442369	0.000008	10.442369
397	P05	1004	dalmatian	False	True	pass	True	82.155876	8.840026	0.000013	8.840025
398	P05	1157	barnacle	True	True	pass	True	74.497658	7.679897	0.000034	7.679898
399	P05	1024	lab_coat	False	True	pass	True	27.506086	6.694930	0.000013	6.694930
400	P06	1096	beaver	False	True	pass	True	118.760681	18.630360	0.000021	18.630360
401	P06	1124	nightshirt	False	True	pass	True	126.311195	16.938522	0.000022	16.938522
402	P06	1006	cardinal	False	True	pass	True	76.843346	9.676182	-0.000017	9.676182
403	P06	1071	mongoose	False	True	pass	True	136.884354	27.140671	0.000008	27.140673
404	P06	1077	bison	False	True	pass	True	55.167675	11.208024	0.000011	11.208024
405	P06	1159	pear	False	True	pass	True	157.760193	34.421234	0.000009	34.421234
406	P06	1062	antelope	False	True	pass	True	135.231308	38.096054	-0.000019	38.096054
407	P06	1145	rocking_chair	False	True	pass	True	54.248222	11.827974	-0.000022	11.827974
408	P06	1015	moose	False	True	pass	True	44.218025	7.684187	-0.000003	7.684186
409	P06	1092	bunkbed	False	True	pass	True	52.578808	9.957565	0.000021	9.957565
410	P06	1001	limousine	False	True	pass	True	32.283009	7.338918	0.000012	7.338918
411	P06	1160	clam	False	True	pass	True	69.302422	12.757974	-0.000005	12.757974
412	P06	1020	television	False	True	pass	True	42.043633	9.442481	-0.000000	9.442481
413	P06	1104	speaker	False	True	pass	True	31.456427	9.221140	0.000001	9.221141
414	P06	1134	sleeping_bag	False	True	pass	True	131.837189	15.556359	-0.000011	15.556359
415	P06	1147	lemonade	False	True	pass	True	123.941429	9.378166	0.000030	9.378166
416	P06	1121	sunglasses	False	True	pass	True	34.367268	8.255847	0.000007	8.255847
417	P06	1035	lizard	False	True	pass	True	33.779118	6.131800	0.000011	6.131800
418	P06	1052	wallpaper	False	True	pass	True	43.002747	12.333649	0.000023	12.333649
419	P06	1132	polar_bear	False	True	pass	True	34.255211	7.359790	0.000019	7.359790
420	P06	1071	mongoose	True	True	pass	True	93.211395	25.295708	0.000016	25.295710
421	P06	1150	chick	False	True	pass	True	38.762547	7.383055	-0.000036	7.383055
422	P06	1134	sleeping_bag	True	True	pass	True	27.748236	5.919521	0.000018	5.919521
423	P06	1053	reindeer	False	True	pass	True	28.613911	7.291791	-0.000032	7.291792
424	P06	1060	squirrel	False	True	pass	True	29.930878	6.154652	-0.000003	6.154652
425	P06	1001	limousine	True	True	pass	True	20.780626	5.217632	0.000034	5.217632
426	P06	1115	marshmallow	False	True	pass	True	90.785172	8.638425	-0.000013	8.638426
427	P06	1159	pear	True	True	pass	True	23.344376	5.353321	-0.000033	5.353321
428	P06	1012	burrito	False	True	pass	True	33.418484	6.451182	0.000028	6.451182
429	P06	1036	ladybug	False	True	pass	True	64.615181	14.353464	0.000051	14.353464
430	P06	1045	goose	False	True	pass	True	43.500820	8.591073	-0.000023	8.591074
431	P06	1095	mouse2	False	True	pass	True	25.477955	7.398335	0.000030	7.398335
432	P06	1144	tarantula	False	True	pass	True	29.482727	6.522555	-0.000035	6.522555
433	P06	1057	eggnog	False	True	pass	True	20.588598	5.348609	0.000078	5.348609
434	P06	1112	hard_disk	False	True	pass	True	27.036695	5.980741	0.000024	5.980741
435	P06	1108	possum	False	True	pass	True	33.737221	7.454942	-0.000004	7.454942
436	P06	1160	clam	True	True	pass	True	101.790871	24.772587	0.000010	24.772587
437	P06	1031	fish	False	True	pass	True	22.707724	4.766485	0.000010	4.766485
438	P06	1016	ant	False	True	pass	True	34.397511	7.740187	0.000001	7.740187
439	P06	1118	candy_bar	False	True	pass	True	23.897501	4.959016	0.000012	4.959016
440	P06	1050	artichoke	False	True	pass	True	85.268013	18.805439	0.000026	18.805441
441	P06	1157	barnacle	False	True	pass	True	24.332087	5.870092	-0.000020	5.870092
442	P06	1098	stool	False	True	pass	True	79.348656	8.624803	-0.000062	8.624803
443	P06	1073	bull	False	True	pass	True	53.106533	10.431136	0.000104	10.431137
444	P06	1020	television	True	True	pass	True	45.305916	11.768371	-0.000010	11.768371
445	P06	1151	tractor	False	True	pass	True	38.726830	7.353275	-0.000051	7.353275
446	P06	1119	star_fruit	False	True	pass	True	22.640535	4.489008	-0.000079	4.489008
447	P06	1011	raspberry	False	True	pass	True	77.721893	8.443198	0.000021	8.443198
448	P06	1137	lamb	False	True	pass	True	123.098251	28.483212	-0.000013	28.483213
449	P06	1104	speaker	True	True	pass	True	91.670486	17.901762	0.000062	17.901762
450	P06	1110	jet	False	True	pass	True	151.801987	32.254398	-0.000042	32.254398
451	P06	1144	tarantula	True	True	pass	True	43.259666	10.355050	0.000089	10.355050
452	P06	1006	cardinal	True	True	pass	True	24.443102	5.193706	-0.000076	5.193706
453	P06	1097	sandwich	False	True	pass	True	22.190493	5.806339	0.000043	5.806339
454	P06	1090	garlic	False	True	pass	True	25.194368	5.451469	0.000007	5.451469
455	P06	1101	boat	False	True	pass	True	29.941267	5.990170	-0.000036	5.990170
456	P06	1132	polar_bear	True	True	pass	True	96.016052	20.099213	-0.000045	20.099213
457	P06	1047	drawer	False	True	pass	True	66.717621	17.754736	0.000156	17.754734
458	P06	1026	asparagus	False	True	pass	True	34.088448	8.337738	-0.000029	8.337738
459	P06	1046	tiramisu	False	True	pass	True	22.501385	5.710814	-0.000079	5.710814
460	P06	1110	jet	True	True	pass	True	116.683037	19.450298	-0.000017	19.450298
461	P06	1149	mole	False	True	pass	True	86.205681	20.413904	0.000004	20.413904
462	P06	1023	wolf	False	True	pass	True	52.193668	10.921880	-0.000120	10.921880
463	P06	1125	sundae	False	True	pass	True	123.764748	21.384258	0.000068	21.384258
464	P06	1037	steamroller	False	True	pass	True	34.343220	7.512650	-0.000041	7.512650
465	P06	1120	owl	False	True	pass	True	22.373642	4.912971	-0.000053	4.912971
466	P06	1015	moose	True	True	pass	True	31.921858	6.078742	0.000016	6.078742
467	P06	1121	sunglasses	True	True	pass	True	27.292057	7.372626	-0.000054	7.372626
468	P06	1049	rat	False	True	pass	True	25.008938	6.711165	-0.000063	6.711165
469	P06	1032	pants	False	True	pass	True	73.064232	14.611036	0.000023	14.611036
470	P06	1063	car	False	True	pass	True	26.392458	6.226250	-0.000072	6.226250
471	P06	1118	candy_bar	True	True	pass	True	29.550467	5.286156	0.000066	5.286156
472	P06	1092	bunkbed	True	True	pass	True	24.684830	5.700792	-0.000088	5.700792
473	P06	1038	cupcake	False	True	pass	True	32.776901	5.749963	-0.000067	5.749963
474	P06	1061	taco	False	True	pass	True	70.052818	12.161784	-0.000030	12.161784
475	P06	1130	showerhead	False	True	pass	True	28.548922	5.741272	0.000040	5.741272
476	P06	1143	mango	False	True	pass	True	99.333961	22.114670	0.000015	22.114670
477	P06	1123	sorbet	False	True	pass	True	23.014469	5.820869	-0.000021	5.820869
478	P06	1013	banana	False	True	pass	True	149.898285	38.025444	0.000010	38.025444
479	P06	1139	earwig	False	True	pass	True	75.538017	20.791370	-0.000056	20.791370
480	P06	1079	puppy	False	True	pass	True	146.947449	29.641846	0.000003	29.641848
481	P06	1082	necklace	False	True	pass	True	44.758270	13.818817	0.000035	13.818816
482	P06	1131	eel	False	True	pass	True	37.418983	9.452683	0.000090	9.452683
483	P06	1143	mango	True	True	pass	True	84.563705	16.359537	0.000119	16.359537
484	P06	1109	wasp	False	True	pass	True	80.175880	15.385549	0.000056	15.385550
485	P06	1046	tiramisu	True	True	pass	True	26.099958	5.790718	-0.000013	5.790718
486	P06	1133	cockatoo	False	True	pass	True	30.885792	7.638662	-0.000036	7.638662
487	P06	1002	pea	False	True	pass	True	33.607834	7.490069	0.000059	7.490069
488	P06	1135	pony	False	True	pass	True	44.245251	8.483466	0.000007	8.483466
489	P06	1125	sundae	True	True	pass	True	90.257805	19.368555	0.000056	19.368557
490	P06	1124	nightshirt	True	True	pass	True	28.936060	6.522062	0.000037	6.522063
491	P06	1140	kayak	False	True	pass	True	128.985840	23.559744	-0.000049	23.559744
492	P06	1059	zucchini	False	True	pass	True	55.775204	9.314604	-0.000044	9.314604
493	P06	1040	panda	False	True	pass	True	38.246525	6.636996	-0.000053	6.636996
494	P06	1061	taco	True	True	pass	True	140.060822	14.583141	-0.000045	14.583141
495	P06	1107	omelet	False	True	pass	True	75.503098	14.501597	0.000044	14.501597
496	P06	1086	pasta	False	True	pass	True	30.431398	9.565749	0.000039	9.565749
497	P06	1010	pineapple	False	True	pass	True	60.553192	10.911427	-0.000011	10.911427
498	P06	1127	space_shuttle	False	True	pass	True	35.372543	7.984856	0.000030	7.984856
499	P06	1155	kale	False	True	pass	True	102.466370	17.200987	-0.000099	17.200987
500	P06	1152	speedboat	False	True	pass	True	48.190163	12.471025	0.000005	12.471025
501	P06	1008	keyboard	False	True	pass	True	41.684219	9.932692	-0.000005	9.932693
502	P06	1042	eagle	False	True	pass	True	46.935120	12.201346	0.000008	12.201346
503	P06	1028	meatball	False	True	pass	True	27.296331	5.020761	-0.000072	5.020761
504	P06	1062	antelope	True	True	pass	True	37.085617	9.294870	0.000114	9.294870
505	P06	1085	frog	False	True	pass	True	60.749599	15.009473	-0.000021	15.009473
506	P06	1074	cobra	False	True	pass	True	37.266323	7.584699	-0.000023	7.584699
507	P06	1103	blazer	False	True	pass	True	23.706505	6.472395	-0.000035	6.472395
508	P06	1017	carrot	False	True	pass	True	72.288506	15.300517	0.000105	15.300517
509	P06	1126	helicopter	False	True	pass	True	37.083485	7.298858	0.000098	7.298858
510	P06	1106	swordfish	False	True	pass	True	146.260513	38.891151	0.000031	38.891148
511	P06	1068	radio	False	True	pass	True	26.026146	5.812718	0.000051	5.812718
512	P06	1100	champagne	False	True	pass	True	77.882614	17.700550	-0.000007	17.700550
513	P06	1084	cheetah	False	True	pass	True	48.140385	15.040423	0.000055	15.040423
514	P06	1120	owl	True	True	pass	True	48.342487	12.270091	-0.000020	12.270091
515	P06	1129	workbench	False	True	pass	True	38.045719	9.126205	0.000019	9.126206
516	P06	1053	reindeer	True	True	pass	True	30.267115	7.584851	-0.000039	7.584850
517	P06	1039	sailboat	False	True	pass	True	103.209679	22.605398	0.000054	22.605398
518	P06	1111	creme_brulee	False	True	pass	True	42.462532	9.502135	-0.000054	9.502135
519	P06	1012	burrito	True	True	pass	True	21.966583	4.473927	-0.000019	4.473927
520	P06	1067	taffy	False	True	pass	True	63.078388	9.237247	-0.000019	9.237247
521	P06	1084	cheetah	True	True	pass	True	64.607872	11.888248	0.000005	11.888248
522	P06	1082	necklace	True	True	pass	True	102.386673	21.964535	0.000051	21.964535
523	P06	1051	yacht	False	True	pass	True	24.755877	4.998373	0.000046	4.998373
524	P06	1091	kitten	False	True	pass	True	19.372728	4.757287	-0.000032	4.757287
525	P06	1081	police_car	False	True	pass	True	85.272926	14.706005	0.000043	14.706004
526	P06	1154	chandelier	False	True	pass	True	29.044886	5.277891	-0.000001	5.277891
527	P06	1087	bathrobe	False	True	pass	True	32.807564	5.469223	-0.000051	5.469223
528	P06	1065	cabinet	False	True	pass	True	24.861532	7.110881	0.000026	7.110881
529	P06	1114	spinach	False	True	pass	True	28.439545	6.552338	-0.000016	6.552338
530	P06	1138	ping-pong_table	False	True	pass	True	38.245239	9.702762	0.000084	9.702762
531	P06	1113	firetruck	False	True	pass	True	38.962753	7.637768	-0.000008	7.637768
532	P06	1021	tea	False	True	pass	True	66.911682	12.736417	-0.000075	12.736417
533	P06	1023	wolf	True	True	pass	True	39.040096	7.942871	0.000016	7.942871
534	P06	1093	duckling	False	True	pass	True	108.763420	28.852873	0.000025	28.852873
535	P06	1146	cheesecake	False	True	pass	True	58.660480	13.302803	-0.000032	13.302804
536	P06	1045	goose	True	True	pass	True	32.214691	6.167717	-0.000049	6.167717
537	P06	1156	coconut	False	True	pass	True	118.393616	22.812349	0.000010	22.812349
538	P06	1058	loveseat	False	True	pass	True	61.579735	11.718785	0.000004	11.718785
539	P06	1055	seagull	False	True	pass	True	54.138130	12.020145	0.000027	12.020145
540	P06	1056	leggings	False	True	pass	True	54.614811	13.727330	0.000022	13.727330
541	P06	1054	bathtub	False	True	pass	True	29.870697	7.805564	0.000008	7.805565
542	P06	1034	bracelet1	False	True	pass	True	87.569160	22.135035	0.000052	22.135035
543	P06	1003	shorts	False	True	pass	True	54.967930	11.741241	0.000017	11.741241
544	P06	1078	sea_urchin	False	True	pass	True	37.117901	9.583690	0.000035	9.583690
545	P06	1105	gorilla	False	True	pass	True	100.092552	24.329184	0.000008	24.329184
546	P06	1129	workbench	True	True	pass	True	22.148563	7.505503	0.000028	7.505503
547	P06	1088	slipper	False	True	pass	True	26.328827	6.155249	0.000010	6.155249
548	P06	1102	crab	False	True	pass	True	32.574703	7.160856	0.000018	7.160856
549	P06	1033	helmet	False	True	pass	True	57.384842	11.456673	-0.000029	11.456673
550	P06	1141	peach	False	True	pass	True	39.130070	8.530970	0.000037	8.530970
551	P06	1130	showerhead	True	True	pass	True	98.010986	10.457290	0.000008	10.457291
552	P06	1150	chick	True	True	pass	True	29.909153	5.854793	0.000030	5.854794
553	P06	1145	rocking_chair	True	True	pass	True	26.112545	4.882160	-0.000020	4.882160
554	P06	1094	onion	False	True	pass	True	45.286419	8.049170	-0.000007	8.049170
555	P06	1153	donut	False	True	pass	True	27.509924	5.268695	-0.000013	5.268695
556	P06	1027	memory_stick	False	True	pass	True	55.880970	13.275030	-0.000066	13.275029
557	P06	1014	shark	False	True	pass	True	33.890610	6.721900	0.000001	6.721900
558	P06	1025	llama	False	True	pass	True	91.279793	16.652893	0.000011	16.652893
559	P06	1148	broccoli	False	True	pass	True	38.133671	8.422993	0.000028	8.422993
560	P06	1147	lemonade	True	True	pass	True	38.947166	12.063667	-0.000013	12.063667
561	P06	1083	shirt	False	True	pass	True	41.366318	9.506063	0.000013	9.506063
562	P06	1041	octopus	False	True	pass	True	55.698494	16.248413	-0.000017	16.248413
563	P06	1018	coffee	False	True	pass	True	37.636734	9.394472	-0.000023	9.394472
564	P06	1136	snake	False	True	pass	True	61.869629	14.383028	0.000016	14.383026
565	P06	1044	raccoon	False	True	pass	True	41.755341	10.065001	-0.000012	10.065000
566	P06	1027	memory_stick	True	True	pass	True	31.450188	6.303505	-0.000050	6.303505
567	P06	1128	toad	False	True	pass	True	33.084362	6.724175	-0.000024	6.724175
568	P06	1043	ostrich	False	True	pass	True	30.220020	9.089869	0.000012	9.089869
569	P06	1099	tricycle	False	True	pass	True	42.417519	10.275166	0.000020	10.275166
570	P06	1117	hamster	False	True	pass	True	23.439024	5.054925	-0.000002	5.054924
571	P06	1030	puffin	False	True	pass	True	31.248571	6.040699	-0.000043	6.040699
572	P06	1080	camcorder	False	True	pass	True	26.039860	8.635181	-0.000025	8.635181
573	P06	1070	dragonfly	False	True	pass	True	51.573990	11.356964	-0.000017	11.356963
574	P06	1007	mirror	False	True	pass	True	21.439825	5.959255	-0.000006	5.959254
575	P06	1059	zucchini	True	True	pass	True	22.015181	5.163041	0.000043	5.163041
576	P06	1158	bulldozer	False	True	pass	True	25.162333	5.886160	-0.000019	5.886160
577	P06	1051	yacht	True	True	pass	True	26.032982	5.239772	0.000034	5.239772
578	P06	1076	groundhog	False	True	pass	True	51.703415	11.894761	-0.000032	11.894760
579	P06	1122	webcam	False	True	pass	True	23.892994	5.385617	0.000026	5.385617
580	P06	1052	wallpaper	True	True	pass	True	43.770378	10.630210	-0.000002	10.630210
581	P06	1142	piglet	False	True	pass	True	26.444284	5.273324	0.000060	5.273324
582	P06	1064	fly	False	True	pass	True	47.132706	10.020899	0.000025	10.020899
583	P06	1060	squirrel	True	True	pass	True	39.669369	10.352584	0.000011	10.352584
584	P06	1048	sombrero	False	True	pass	True	29.168156	7.625987	0.000022	7.625987
585	P06	1009	papaya	False	True	pass	True	22.271065	5.358100	0.000023	5.358100
586	P06	1072	blackberry	False	True	pass	True	20.335405	4.862506	0.000061	4.862506
587	P06	1089	unicycle	False	True	pass	True	23.058065	6.457124	-0.000067	6.457124
588	P06	1075	filing_cabinet	False	True	pass	True	22.654736	4.469634	-0.000003	4.469634
589	P06	1029	sheep	False	True	pass	True	52.435478	14.630463	-0.000012	14.630463
590	P06	1069	rollerblade	False	True	pass	True	43.414806	11.873330	-0.000043	11.873330
591	P06	1126	helicopter	True	True	pass	True	70.030006	9.256353	-0.000065	9.256353
592	P06	1019	videocassette	False	True	pass	True	99.178581	26.761683	-0.000055	26.761681
593	P06	1005	ottoman	False	True	pass	True	31.343212	7.462778	0.000022	7.462778
594	P06	1116	praying_mantis	False	True	pass	True	33.621128	9.552245	-0.000015	9.552244
595	P06	1022	shoe	False	True	pass	True	29.874788	5.609513	0.000015	5.609513
596	P06	1066	giraffe	False	True	pass	True	82.595802	20.886387	0.000002	20.886387
597	P06	1004	dalmatian	False	True	pass	True	28.641256	8.281027	-0.000045	8.281027
598	P06	1157	barnacle	True	True	pass	True	21.480923	4.491281	-0.000036	4.491281
599	P06	1024	lab_coat	False	True	pass	True	22.650009	5.602618	-0.000003	5.602618
600	P07	1096	beaver	False	True	pass	True	20.912357	4.039903	0.000063	4.039903
601	P07	1124	nightshirt	False	True	pass	True	27.075251	5.551144	0.000093	5.551144
602	P07	1006	cardinal	False	True	pass	True	23.450724	4.692726	0.000001	4.692726
603	P07	1071	mongoose	False	True	pass	True	21.946732	4.613785	0.000054	4.613785
604	P07	1077	bison	False	True	pass	True	21.138657	4.513575	-0.000070	4.513575
605	P07	1159	pear	False	True	pass	True	27.519663	4.963769	0.000005	4.963769
606	P07	1062	antelope	False	True	pass	True	22.154327	4.449932	-0.000033	4.449932
607	P07	1145	rocking_chair	False	True	pass	True	85.646927	8.579259	0.000110	8.579259
608	P07	1015	moose	False	True	pass	True	23.239676	4.040462	-0.000005	4.040462
609	P07	1092	bunkbed	False	True	pass	True	15.388623	4.283892	0.000037	4.283892
610	P07	1001	limousine	False	True	pass	True	23.960403	3.897697	-0.000104	3.897697
611	P07	1160	clam	False	True	pass	True	34.114185	5.945031	0.000073	5.945031
612	P07	1020	television	False	True	pass	True	24.363380	6.537240	-0.000083	6.537240
613	P07	1104	speaker	False	True	pass	True	19.735659	4.513416	0.000047	4.513415
614	P07	1134	sleeping_bag	False	True	pass	True	62.447010	7.849529	0.000080	7.849529
615	P07	1147	lemonade	False	True	pass	True	20.670597	5.393076	0.000032	5.393076
616	P07	1121	sunglasses	False	True	pass	True	24.555914	6.771082	-0.000084	6.771082
617	P07	1035	lizard	False	True	pass	True	19.149815	3.966430	-0.000063	3.966430
618	P07	1052	wallpaper	False	True	pass	True	17.867933	3.931134	-0.000003	3.931134
619	P07	1132	polar_bear	False	True	pass	True	30.768560	6.412340	0.000094	6.412339
620	P07	1071	mongoose	True	True	pass	True	20.958096	5.407082	0.000022	5.407082
621	P07	1150	chick	False	True	pass	True	20.324123	4.678429	-0.000035	4.678429
622	P07	1134	sleeping_bag	True	True	pass	True	17.142626	3.947575	0.000069	3.947575
623	P07	1053	reindeer	False	True	pass	True	26.060520	5.522540	0.000009	5.522540
624	P07	1060	squirrel	False	True	pass	True	16.334949	3.752558	-0.000033	3.752558
625	P07	1001	limousine	True	True	pass	True	21.287136	4.844906	0.000075	4.844906
626	P07	1115	marshmallow	False	True	pass	True	23.868595	4.158408	-0.000061	4.158408
627	P07	1159	pear	True	True	pass	True	20.034510	3.371226	0.000007	3.371226
628	P07	1012	burrito	False	True	pass	True	17.210583	4.152003	-0.000030	4.152003
629	P07	1036	ladybug	False	True	pass	True	25.115107	5.145581	-0.000024	5.145581
630	P07	1045	goose	False	True	pass	True	19.996134	5.079673	0.000019	5.079673
631	P07	1095	mouse2	False	True	pass	True	23.260588	5.038568	-0.000001	5.038568
632	P07	1144	tarantula	False	True	pass	True	24.981220	5.007443	0.000030	5.007443
633	P07	1057	eggnog	False	True	pass	True	20.606091	5.491230	0.000042	5.491230
634	P07	1112	hard_disk	False	True	pass	True	17.945768	4.042700	0.000053	4.042700
635	P07	1108	possum	False	True	pass	True	40.949734	5.275532	-0.000060	5.275532
636	P07	1160	clam	True	True	pass	True	21.569941	4.633172	0.000131	4.633172
637	P07	1031	fish	False	True	pass	True	25.135529	4.604194	-0.000035	4.604193
638	P07	1016	ant	False	True	pass	True	42.897224	6.684403	-0.000020	6.684403
639	P07	1118	candy_bar	False	True	pass	True	17.514481	3.911928	0.000062	3.911928
640	P07	1050	artichoke	False	True	pass	True	29.366858	4.773396	0.000040	4.773396
641	P07	1157	barnacle	False	True	pass	True	19.968910	4.108888	-0.000098	4.108888
642	P07	1098	stool	False	True	pass	True	17.048254	4.013362	0.000011	4.013361
643	P07	1073	bull	False	True	pass	True	19.915396	4.697458	-0.000086	4.697458
644	P07	1020	television	True	True	pass	True	20.248653	3.921254	0.000102	3.921254
645	P07	1151	tractor	False	True	pass	True	28.140642	5.691207	0.000006	5.691207
646	P07	1119	star_fruit	False	True	pass	True	23.982492	4.728856	-0.000058	4.728856
647	P07	1011	raspberry	False	True	pass	True	29.578228	5.094530	0.000092	5.094530
648	P07	1137	lamb	False	True	pass	True	18.287603	3.835257	0.000103	3.835257
649	P07	1104	speaker	True	True	pass	True	21.586269	3.962828	-0.000138	3.962828
650	P07	1110	jet	False	True	pass	True	24.585835	5.213466	-0.000041	5.213466
651	P07	1144	tarantula	True	True	pass	True	27.813517	4.452581	-0.000028	4.452581
652	P07	1006	cardinal	True	True	pass	True	26.617298	4.123976	0.000113	4.123976
653	P07	1097	sandwich	False	True	pass	True	22.150326	3.996549	-0.000062	3.996550
654	P07	1090	garlic	False	True	pass	True	21.755196	5.072886	0.000027	5.072886
655	P07	1101	boat	False	True	pass	True	16.459517	3.996249	-0.000078	3.996249
656	P07	1132	polar_bear	True	True	pass	True	16.939001	3.157159	0.000058	3.157159
657	P07	1047	drawer	False	True	pass	True	22.711971	4.133839	0.000074	4.133839
658	P07	1026	asparagus	False	True	pass	True	23.268484	4.350123	0.000048	4.350123
659	P07	1046	tiramisu	False	True	pass	True	16.280745	3.835609	-0.000075	3.835609
660	P07	1110	jet	True	True	pass	True	45.844017	7.720130	-0.000028	7.720130
661	P07	1149	mole	False	True	pass	True	22.827419	5.039708	0.000037	5.039709
662	P07	1023	wolf	False	True	pass	True	14.002428	3.901828	0.000016	3.901828
663	P07	1125	sundae	False	True	pass	True	16.801600	3.782437	-0.000033	3.782437
664	P07	1037	steamroller	False	True	pass	True	22.246439	4.880649	0.000014	4.880649
665	P07	1120	owl	False	True	pass	True	28.935747	5.676045	0.000138	5.676045
666	P07	1015	moose	True	True	pass	True	26.373377	4.436738	0.000091	4.436738
667	P07	1121	sunglasses	True	True	pass	True	18.731024	4.432003	-0.000044	4.432003
668	P07	1049	rat	False	True	pass	True	23.362473	4.626898	-0.000023	4.626898
669	P07	1032	pants	False	True	pass	True	81.239563	9.033355	0.000035	9.033354
670	P07	1063	car	False	True	pass	True	22.353500	4.214147	-0.000045	4.214147
671	P07	1118	candy_bar	True	True	pass	True	25.551920	4.284380	0.000003	4.284380
672	P07	1092	bunkbed	True	True	pass	True	17.060949	3.606914	-0.000065	3.606914
673	P07	1038	cupcake	False	True	pass	True	24.821430	4.816352	0.000021	4.816352
674	P07	1061	taco	False	True	pass	True	18.830853	3.853701	-0.000039	3.853701
675	P07	1130	showerhead	False	True	pass	True	21.192949	4.409242	0.000065	4.409243
676	P07	1143	mango	False	True	pass	True	20.216600	4.428237	-0.000057	4.428237
677	P07	1123	sorbet	False	True	pass	True	15.213483	4.422531	0.000066	4.422531
678	P07	1013	banana	False	True	pass	True	25.901827	5.366830	-0.000035	5.366830
679	P07	1139	earwig	False	True	pass	True	20.590343	4.717195	-0.000008	4.717195
680	P07	1079	puppy	False	True	pass	True	27.005636	5.362572	-0.000068	5.362572
681	P07	1082	necklace	False	True	pass	True	17.715425	4.362519	-0.000061	4.362519
682	P07	1131	eel	False	True	pass	True	23.819040	4.379757	-0.000100	4.379757
683	P07	1143	mango	True	True	pass	True	15.563918	4.189663	0.000022	4.189663
684	P07	1109	wasp	False	True	pass	True	21.218596	4.813730	-0.000055	4.813730
685	P07	1046	tiramisu	True	True	pass	True	26.379433	5.355165	0.000040	5.355165
686	P07	1133	cockatoo	False	True	pass	True	22.335587	4.380669	0.000079	4.380669
687	P07	1002	pea	False	True	pass	True	17.493389	3.868627	-0.000055	3.868627
688	P07	1135	pony	False	True	pass	True	24.333427	5.261593	-0.000087	5.261593
689	P07	1125	sundae	True	True	pass	True	34.558010	5.460966	0.000044	5.460966
690	P07	1124	nightshirt	True	True	pass	True	18.310040	3.101164	0.000009	3.101164
691	P07	1140	kayak	False	True	pass	True	61.607533	5.842294	-0.000027	5.842294
692	P07	1059	zucchini	False	True	pass	True	30.062841	4.899636	-0.000033	4.899636
693	P07	1040	panda	False	True	pass	True	37.713173	6.165585	0.000058	6.165585
694	P07	1061	taco	True	True	pass	True	22.735786	4.193643	0.000037	4.193643
695	P07	1107	omelet	False	True	pass	True	19.819113	4.152816	-0.000034	4.152816
696	P07	1086	pasta	False	True	pass	True	41.487309	6.041201	-0.000005	6.041201
697	P07	1010	pineapple	False	True	pass	True	22.677788	3.903880	-0.000020	3.903880
698	P07	1127	space_shuttle	False	True	pass	True	21.525665	4.764397	-0.000060	4.764397
699	P07	1155	kale	False	True	pass	True	18.470839	3.644027	0.000020	3.644027
700	P07	1152	speedboat	False	True	pass	True	18.619505	4.586542	0.000044	4.586542
701	P07	1008	keyboard	False	True	pass	True	24.139935	5.212402	0.000082	5.212402
702	P07	1042	eagle	False	True	pass	True	16.109686	3.907309	0.000007	3.907309
703	P07	1028	meatball	False	True	pass	True	28.566690	3.975492	-0.000001	3.975492
704	P07	1062	antelope	True	True	pass	True	17.738636	4.090447	0.000044	4.090447
705	P07	1085	frog	False	True	pass	True	19.503113	4.443243	0.000195	4.443243
706	P07	1074	cobra	False	True	pass	True	24.081842	5.394412	0.000068	5.394412
707	P07	1103	blazer	False	True	pass	True	56.660519	6.840682	0.000043	6.840682
708	P07	1017	carrot	False	True	pass	True	27.245790	4.810640	0.000020	4.810640
709	P07	1126	helicopter	False	True	pass	True	79.334251	7.925666	-0.000039	7.925666
710	P07	1106	swordfish	False	True	pass	True	17.407509	3.602525	-0.000117	3.602525
711	P07	1068	radio	False	True	pass	True	16.841085	4.305286	-0.000018	4.305287
712	P07	1100	champagne	False	True	pass	True	19.030254	3.788923	-0.000026	3.788923
713	P07	1084	cheetah	False	True	pass	True	22.194220	5.215127	-0.000082	5.215127
714	P07	1120	owl	True	True	pass	True	20.199722	4.762987	-0.000007	4.762988
715	P07	1129	workbench	False	True	pass	True	27.400587	4.166293	0.000070	4.166293
716	P07	1053	reindeer	True	True	pass	True	24.396685	5.372549	-0.000006	5.372549
717	P07	1039	sailboat	False	True	pass	True	44.153183	5.871230	0.000070	5.871230
718	P07	1111	creme_brulee	False	True	pass	True	22.255085	4.899392	0.000031	4.899392
719	P07	1012	burrito	True	True	pass	True	33.252010	5.864348	0.000019	5.864348
720	P07	1067	taffy	False	True	pass	True	21.179657	3.822476	0.000009	3.822476
721	P07	1084	cheetah	True	True	pass	True	23.535528	4.705477	-0.000002	4.705477
722	P07	1082	necklace	True	True	pass	True	26.693243	4.891130	-0.000096	4.891130
723	P07	1051	yacht	False	True	pass	True	33.302040	5.820977	0.000112	5.820977
724	P07	1091	kitten	False	True	pass	True	19.253742	3.776352	0.000019	3.776351
725	P07	1081	police_car	False	True	pass	True	24.521219	4.551270	-0.000018	4.551270
726	P07	1154	chandelier	False	True	pass	True	18.512222	4.267018	-0.000024	4.267018
727	P07	1087	bathrobe	False	True	pass	True	21.022495	5.144292	-0.000030	5.144292
728	P07	1065	cabinet	False	True	pass	True	21.502041	4.137794	-0.000060	4.137794
729	P07	1114	spinach	False	True	pass	True	27.115383	4.055075	0.000047	4.055075
730	P07	1138	ping-pong_table	False	True	pass	True	24.552040	4.621840	0.000057	4.621840
731	P07	1113	firetruck	False	True	pass	True	22.210598	5.316465	0.000083	5.316465
732	P07	1021	tea	False	True	pass	True	17.182487	4.443273	0.000081	4.443273
733	P07	1023	wolf	True	True	pass	True	34.801464	4.504330	0.000096	4.504330
734	P07	1093	duckling	False	True	pass	True	27.355589	4.336845	0.000081	4.336845
735	P07	1146	cheesecake	False	True	pass	True	23.978123	6.422650	-0.000032	6.422650
736	P07	1045	goose	True	True	pass	True	27.304907	5.582417	-0.000043	5.582417
737	P07	1156	coconut	False	True	pass	True	16.768534	3.797226	0.000046	3.797226
738	P07	1058	loveseat	False	True	pass	True	16.987185	3.489242	0.000073	3.489242
739	P07	1055	seagull	False	True	pass	True	21.768639	4.003658	-0.000058	4.003658
740	P07	1056	leggings	False	True	pass	True	65.714127	7.809328	-0.000044	7.809329
741	P07	1054	bathtub	False	True	pass	True	17.616232	4.003176	-0.000048	4.003176
742	P07	1034	bracelet1	False	True	pass	True	35.256638	4.696184	-0.000086	4.696184
743	P07	1003	shorts	False	True	pass	True	55.530556	7.094751	-0.000070	7.094751
744	P07	1078	sea_urchin	False	True	pass	True	24.534948	5.368304	-0.000117	5.368304
745	P07	1105	gorilla	False	True	pass	True	24.659981	5.112054	0.000039	5.112054
746	P07	1129	workbench	True	True	pass	True	29.666868	4.498464	-0.000032	4.498464
747	P07	1088	slipper	False	True	pass	True	22.438656	5.111318	0.000063	5.111319
748	P07	1102	crab	False	True	pass	True	19.701246	4.305180	-0.000005	4.305180
749	P07	1033	helmet	False	True	pass	True	20.077026	5.067313	0.000042	5.067313
750	P07	1141	peach	False	True	pass	True	20.668873	4.835932	0.000010	4.835932
751	P07	1130	showerhead	True	True	pass	True	23.144278	4.218903	0.000046	4.218903
752	P07	1150	chick	True	True	pass	True	19.704096	4.496688	-0.000017	4.496688
753	P07	1145	rocking_chair	True	True	pass	True	13.357644	3.220098	-0.000042	3.220098
754	P07	1094	onion	False	True	pass	True	29.989252	4.379642	0.000031	4.379642
755	P07	1153	donut	False	True	pass	True	18.125284	4.450016	0.000072	4.450016
756	P07	1027	memory_stick	False	True	pass	True	20.430384	4.643316	0.000034	4.643316
757	P07	1014	shark	False	True	pass	True	18.105577	4.698082	0.000049	4.698082
758	P07	1025	llama	False	True	pass	True	18.689680	4.286572	0.000019	4.286571
759	P07	1148	broccoli	False	True	pass	True	52.304859	6.354614	-0.000072	6.354614
760	P07	1147	lemonade	True	True	pass	True	35.518108	6.399005	-0.000060	6.399005
761	P07	1083	shirt	False	True	pass	True	26.282476	4.550393	-0.000157	4.550393
762	P07	1041	octopus	False	True	pass	True	30.464724	5.107637	0.000017	5.107637
763	P07	1018	coffee	False	True	pass	True	32.919655	4.370487	0.000061	4.370487
764	P07	1136	snake	False	True	pass	True	43.921307	5.799794	-0.000075	5.799795
765	P07	1044	raccoon	False	True	pass	True	20.873920	3.956731	-0.000142	3.956731
766	P07	1027	memory_stick	True	True	pass	True	25.271896	4.431261	-0.000077	4.431261
767	P07	1128	toad	False	True	pass	True	35.162415	5.699297	-0.000061	5.699297
768	P07	1043	ostrich	False	True	pass	True	26.300278	5.129743	-0.000002	5.129743
769	P07	1099	tricycle	False	True	pass	True	46.442581	6.394231	0.000050	6.394231
770	P07	1117	hamster	False	True	pass	True	17.952719	4.668182	0.000059	4.668183
771	P07	1030	puffin	False	True	pass	True	18.363873	4.633870	-0.000087	4.633870
772	P07	1080	camcorder	False	True	pass	True	34.138515	4.649570	-0.000048	4.649570
773	P07	1070	dragonfly	False	True	pass	True	20.724941	5.422379	-0.000001	5.422379
774	P07	1007	mirror	False	True	pass	True	28.326414	3.650070	-0.000089	3.650070
775	P07	1059	zucchini	True	True	pass	True	16.808229	4.609003	0.000075	4.609003
776	P07	1158	bulldozer	False	True	pass	True	27.644333	4.350908	-0.000071	4.350908
777	P07	1051	yacht	True	True	pass	True	34.771423	5.333223	-0.000095	5.333223
778	P07	1076	groundhog	False	True	pass	True	21.005053	5.220472	-0.000004	5.220472
779	P07	1122	webcam	False	True	pass	True	16.284508	3.369488	-0.000022	3.369488
780	P07	1052	wallpaper	True	True	pass	True	44.659386	6.459329	0.000067	6.459329
781	P07	1142	piglet	False	True	pass	True	22.238575	4.228170	-0.000072	4.228170
782	P07	1064	fly	False	True	pass	True	33.225872	5.030261	-0.000019	5.030261
783	P07	1060	squirrel	True	True	pass	True	18.409145	4.086915	0.000013	4.086915
784	P07	1048	sombrero	False	True	pass	True	37.175831	4.987124	-0.000071	4.987124
785	P07	1009	papaya	False	True	pass	True	19.802420	4.370148	0.000019	4.370147
786	P07	1072	blackberry	False	True	pass	True	37.639111	4.817100	-0.000063	4.817100
787	P07	1089	unicycle	False	True	pass	True	44.984230	6.530956	0.000075	6.530956
788	P07	1075	filing_cabinet	False	True	pass	True	21.675602	5.552386	-0.000024	5.552386
789	P07	1029	sheep	False	True	pass	True	19.299364	4.390681	0.000135	4.390681
790	P07	1069	rollerblade	False	True	pass	True	16.608431	3.859234	-0.000077	3.859234
791	P07	1126	helicopter	True	True	pass	True	35.555099	5.090190	-0.000052	5.090190
792	P07	1019	videocassette	False	True	pass	True	15.741220	3.693752	-0.000086	3.693753
793	P07	1005	ottoman	False	True	pass	True	52.225266	7.747717	-0.000059	7.747717
794	P07	1116	praying_mantis	False	True	pass	True	18.836224	3.972430	0.000004	3.972430
795	P07	1022	shoe	False	True	pass	True	22.999365	4.476576	-0.000044	4.476576
796	P07	1066	giraffe	False	True	pass	True	69.242676	6.839799	-0.000003	6.839799
797	P07	1004	dalmatian	False	True	pass	True	17.039331	4.203154	-0.000056	4.203154
798	P07	1157	barnacle	True	True	pass	True	18.955259	3.690640	-0.000045	3.690640
799	P07	1024	lab_coat	False	True	pass	True	32.101482	5.366516	-0.000048	5.366516
800	melina	1096	beaver	False	True	pass	True	43.382721	8.967806	-0.000001	8.967806
801	melina	1124	nightshirt	False	True	pass	True	37.010292	7.766402	0.000001	7.766402
802	melina	1006	cardinal	False	True	pass	True	47.156445	8.110704	0.000001	8.110704
803	melina	1071	mongoose	False	True	pass	True	46.391129	9.485298	0.000005	9.485298
804	melina	1077	bison	False	True	pass	True	36.495087	7.256011	-0.000002	7.256011
805	melina	1159	pear	False	True	pass	True	31.134235	6.147250	0.000003	6.147250
806	melina	1062	antelope	False	True	pass	True	34.526375	6.185868	-0.000003	6.185868
807	melina	1145	rocking_chair	False	True	pass	True	25.828690	5.362265	-0.000001	5.362265
808	melina	1015	moose	False	True	pass	True	36.897041	7.288522	0.000001	7.288522
809	melina	1092	bunkbed	False	True	pass	True	33.308479	5.864562	0.000000	5.864562
810	melina	1001	limousine	False	True	pass	True	37.871166	6.959266	0.000001	6.959266
811	melina	1160	clam	False	True	pass	True	33.833736	5.819361	-0.000004	5.819361
812	melina	1020	television	False	True	pass	True	31.762705	4.841451	-0.000001	4.841451
813	melina	1104	speaker	False	True	pass	True	34.534378	6.197494	0.000000	6.197494
814	melina	1134	sleeping_bag	False	True	pass	True	36.631111	5.739789	0.000003	5.739789
815	melina	1147	lemonade	False	True	pass	True	29.616982	5.088506	-0.000002	5.088506
816	melina	1121	sunglasses	False	True	pass	True	45.730824	7.676203	0.000001	7.676203
817	melina	1035	lizard	False	True	pass	True	47.050629	7.472833	0.000001	7.472834
818	melina	1052	wallpaper	False	True	pass	True	33.290848	7.371650	0.000003	7.371650
819	melina	1132	polar_bear	False	True	pass	True	34.162163	7.941390	-0.000001	7.941390
820	melina	1071	mongoose	True	True	pass	True	40.253685	8.679452	0.000003	8.679452
821	melina	1150	chick	False	True	pass	True	41.080933	8.006315	0.000001	8.006315
822	melina	1134	sleeping_bag	True	True	pass	True	80.722351	7.021224	0.000001	7.021224
823	melina	1053	reindeer	False	True	pass	True	31.757853	5.929308	-0.000002	5.929308
824	melina	1060	squirrel	False	True	pass	True	25.234755	5.440793	-0.000001	5.440793
825	melina	1001	limousine	True	True	pass	True	35.358589	7.425059	-0.000000	7.425059
826	melina	1115	marshmallow	False	True	pass	True	29.446325	5.741312	-0.000000	5.741312
827	melina	1159	pear	True	True	pass	True	38.465622	7.258896	0.000001	7.258896
828	melina	1012	burrito	False	True	pass	True	31.439194	6.505480	-0.000007	6.505480
829	melina	1036	ladybug	False	True	pass	True	51.227245	7.763825	-0.000001	7.763825
830	melina	1045	goose	False	True	pass	True	43.314877	9.083120	-0.000002	9.083120
831	melina	1095	mouse2	False	True	pass	True	46.543503	9.738867	-0.000000	9.738867
832	melina	1144	tarantula	False	True	pass	True	27.910440	6.242452	0.000002	6.242452
833	melina	1057	eggnog	False	True	pass	True	25.739063	5.889690	-0.000002	5.889690
834	melina	1112	hard_disk	False	True	pass	True	40.897060	8.516804	0.000002	8.516804
835	melina	1108	possum	False	True	pass	True	34.323353	7.571501	-0.000003	7.571500
836	melina	1160	clam	True	True	pass	True	61.989239	12.844668	0.000001	12.844669
837	melina	1031	fish	False	True	pass	True	34.143764	6.853530	0.000002	6.853531
838	melina	1016	ant	False	True	pass	True	112.568535	12.869892	-0.000002	12.869892
839	melina	1118	candy_bar	False	True	pass	True	86.224503	13.445071	-0.000002	13.445071
840	melina	1050	artichoke	False	True	pass	True	53.412922	10.405354	0.000001	10.405354
841	melina	1157	barnacle	False	True	pass	True	34.834034	8.158044	-0.000003	8.158043
842	melina	1098	stool	False	True	pass	True	50.168423	12.214365	0.000001	12.214365
843	melina	1073	bull	False	True	pass	True	41.466614	9.761834	-0.000002	9.761834
844	melina	1020	television	True	True	pass	True	114.567993	13.967694	-0.000000	13.967693
845	melina	1151	tractor	False	True	pass	True	40.637863	8.464622	0.000001	8.464622
846	melina	1119	star_fruit	False	True	pass	True	66.875610	16.194893	-0.000003	16.194893
847	melina	1011	raspberry	False	True	pass	True	49.207329	10.990035	0.000003	10.990035
848	melina	1137	lamb	False	True	pass	True	67.919167	14.337984	-0.000002	14.337983
849	melina	1104	speaker	True	True	pass	True	26.657076	4.858423	0.000001	4.858423
850	melina	1110	jet	False	True	pass	True	47.159470	7.184525	-0.000001	7.184525
851	melina	1144	tarantula	True	True	pass	True	35.448612	7.180219	-0.000003	7.180219
852	melina	1006	cardinal	True	True	pass	True	34.400925	7.163128	0.000003	7.163128
853	melina	1097	sandwich	False	True	pass	True	37.595825	6.520033	0.000003	6.520033
854	melina	1090	garlic	False	True	pass	True	118.551765	11.757724	-0.000002	11.757723
855	melina	1101	boat	False	True	pass	True	128.215073	12.735040	0.000002	12.735040
856	melina	1132	polar_bear	True	True	pass	True	37.611401	7.233381	-0.000000	7.233382
857	melina	1047	drawer	False	True	pass	True	77.005234	9.447945	-0.000003	9.447944
858	melina	1026	asparagus	False	True	pass	True	84.202202	10.473059	-0.000001	10.473060
859	melina	1046	tiramisu	False	True	pass	True	34.729908	7.519562	0.000000	7.519562
860	melina	1110	jet	True	True	pass	True	67.756020	12.528698	0.000002	12.528698
861	melina	1149	mole	False	True	pass	True	122.451920	14.383160	-0.000003	14.383160
862	melina	1023	wolf	False	True	pass	True	39.807968	7.737716	0.000000	7.737716
863	melina	1125	sundae	False	True	pass	True	106.753273	11.805387	-0.000000	11.805387
864	melina	1037	steamroller	False	True	pass	True	30.536705	7.532308	0.000001	7.532308
865	melina	1120	owl	False	True	pass	True	35.939262	8.704098	-0.000003	8.704098
866	melina	1015	moose	True	True	pass	True	24.421434	6.854583	0.000001	6.854583
867	melina	1121	sunglasses	True	True	pass	True	127.852943	13.363821	-0.000000	13.363821
868	melina	1049	rat	False	True	pass	True	35.032246	6.320485	-0.000002	6.320485
869	melina	1032	pants	False	True	pass	True	36.532070	6.973326	0.000001	6.973326
870	melina	1063	car	False	True	pass	True	34.611938	8.263546	-0.000002	8.263546
871	melina	1118	candy_bar	True	True	pass	True	36.222637	7.173113	0.000001	7.173113
872	melina	1092	bunkbed	True	True	pass	True	43.886452	7.132866	-0.000002	7.132866
873	melina	1038	cupcake	False	True	pass	True	32.173458	6.617044	0.000001	6.617045
874	melina	1061	taco	False	True	pass	True	32.145340	5.763142	0.000002	5.763142
875	melina	1130	showerhead	False	True	pass	True	31.653877	6.741144	0.000001	6.741144
876	melina	1143	mango	False	True	pass	True	37.085865	7.144588	0.000002	7.144588
877	melina	1123	sorbet	False	True	pass	True	48.766674	9.449503	0.000003	9.449503
878	melina	1013	banana	False	True	pass	True	37.264194	6.463213	-0.000001	6.463213
879	melina	1139	earwig	False	True	pass	True	30.160654	6.150622	-0.000002	6.150622
880	melina	1079	puppy	False	True	pass	True	36.274250	9.854865	0.000002	9.854865
881	melina	1082	necklace	False	True	pass	True	138.266388	15.205359	0.000002	15.205359
882	melina	1131	eel	False	True	pass	True	52.527760	9.734079	0.000002	9.734079
883	melina	1143	mango	True	True	pass	True	75.938377	5.892931	-0.000002	5.892931
884	melina	1109	wasp	False	True	pass	True	81.427849	8.123542	0.000001	8.123542
885	melina	1046	tiramisu	True	True	pass	True	50.091785	12.634043	0.000001	12.634042
886	melina	1133	cockatoo	False	True	pass	True	50.719955	11.561722	0.000000	11.561722
887	melina	1002	pea	False	True	pass	True	38.406082	7.120262	-0.000001	7.120262
888	melina	1135	pony	False	True	pass	True	38.460957	8.696659	0.000004	8.696659
889	melina	1125	sundae	True	True	pass	True	104.688034	11.907676	-0.000003	11.907676
890	melina	1124	nightshirt	True	True	pass	True	53.774223	7.685030	-0.000003	7.685030
891	melina	1140	kayak	False	True	pass	True	36.349865	7.979992	-0.000005	7.979992
892	melina	1059	zucchini	False	True	pass	True	42.899181	9.129333	0.000002	9.129333
893	melina	1040	panda	False	True	pass	True	41.348011	7.834807	0.000004	7.834807
894	melina	1061	taco	True	True	pass	True	40.109470	8.491180	-0.000006	8.491180
895	melina	1107	omelet	False	True	pass	True	32.297935	6.595681	-0.000003	6.595681
896	melina	1086	pasta	False	True	pass	True	30.069965	5.471579	0.000003	5.471579
897	melina	1010	pineapple	False	True	pass	True	30.382135	6.736438	0.000004	6.736439
898	melina	1127	space_shuttle	False	True	pass	True	53.710144	10.227327	-0.000000	10.227327
899	melina	1155	kale	False	True	pass	True	26.700239	6.784915	0.000001	6.784915
900	melina	1152	speedboat	False	True	pass	True	89.492111	10.101643	-0.000005	10.101643
901	melina	1008	keyboard	False	True	pass	True	33.678825	6.767962	0.000002	6.767962
902	melina	1042	eagle	False	True	pass	True	42.677906	8.729506	0.000001	8.729506
903	melina	1028	meatball	False	True	pass	True	37.037781	7.651445	-0.000005	7.651445
904	melina	1062	antelope	True	True	pass	True	48.809303	10.774642	0.000001	10.774642
905	melina	1085	frog	False	True	pass	True	22.980635	4.420868	-0.000001	4.420868
906	melina	1074	cobra	False	True	pass	True	24.746592	4.696301	0.000001	4.696301
907	melina	1103	blazer	False	True	pass	True	47.679996	7.408334	-0.000002	7.408334
908	melina	1017	carrot	False	True	pass	True	37.580795	7.413345	0.000001	7.413345
909	melina	1126	helicopter	False	True	pass	True	44.138947	10.154243	0.000001	10.154242
910	melina	1106	swordfish	False	True	pass	True	39.938477	9.424480	-0.000002	9.424480
911	melina	1068	radio	False	True	pass	True	29.969978	5.840561	0.000002	5.840561
912	melina	1100	champagne	False	True	pass	True	31.989010	4.949158	-0.000002	4.949158
913	melina	1084	cheetah	False	True	pass	True	30.461853	5.780642	0.000003	5.780642
914	melina	1120	owl	True	True	pass	True	47.131088	8.466938	0.000000	8.466938
915	melina	1129	workbench	False	True	pass	True	28.311026	5.927068	0.000003	5.927068
916	melina	1053	reindeer	True	True	pass	True	97.478546	9.976986	-0.000004	9.976986
917	melina	1039	sailboat	False	True	pass	True	49.554623	7.516702	0.000000	7.516702
918	melina	1111	creme_brulee	False	True	pass	True	32.691799	6.592479	-0.000003	6.592479
919	melina	1012	burrito	True	True	pass	True	45.975849	10.554088	0.000004	10.554088
920	melina	1067	taffy	False	True	pass	True	189.066711	31.735924	-0.000001	31.735924
921	melina	1084	cheetah	True	True	pass	True	67.916206	11.580809	-0.000004	11.580809
922	melina	1082	necklace	True	True	pass	True	22.644150	5.708669	0.000000	5.708669
923	melina	1051	yacht	False	True	pass	True	31.202732	6.175231	-0.000003	6.175231
924	melina	1091	kitten	False	True	pass	True	29.334026	7.016161	-0.000005	7.016161
925	melina	1081	police_car	False	True	pass	True	63.231934	12.592364	-0.000004	12.592364
926	melina	1154	chandelier	False	True	pass	True	44.090714	10.746177	0.000003	10.746177
927	melina	1087	bathrobe	False	True	pass	True	70.118118	16.782188	0.000000	16.782188
928	melina	1065	cabinet	False	True	pass	True	92.586708	9.041756	0.000003	9.041757
929	melina	1114	spinach	False	True	pass	True	92.292709	11.739699	-0.000000	11.739699
930	melina	1138	ping-pong_table	False	True	pass	True	34.563377	7.822089	-0.000002	7.822089
931	melina	1113	firetruck	False	True	pass	True	52.256657	12.955416	-0.000004	12.955416
932	melina	1021	tea	False	True	pass	True	62.617794	15.370231	0.000004	15.370231
933	melina	1023	wolf	True	True	pass	True	32.869102	6.462035	0.000003	6.462035
934	melina	1093	duckling	False	True	pass	True	66.612617	14.393303	-0.000000	14.393303
935	melina	1146	cheesecake	False	True	pass	True	130.339523	13.566198	0.000003	13.566198
936	melina	1045	goose	True	True	pass	True	37.138050	7.168458	-0.000002	7.168458
937	melina	1156	coconut	False	True	pass	True	30.459557	6.805843	0.000001	6.805843
938	melina	1058	loveseat	False	True	pass	True	49.880096	11.248068	0.000003	11.248068
939	melina	1055	seagull	False	True	pass	True	29.095613	6.537985	-0.000004	6.537985
940	melina	1056	leggings	False	True	pass	True	24.474705	5.199103	-0.000000	5.199103
941	melina	1054	bathtub	False	True	pass	True	76.826630	17.539213	0.000005	17.539213
942	melina	1034	bracelet1	False	True	pass	True	86.804558	18.870152	0.000000	18.870152
943	melina	1003	shorts	False	True	pass	True	30.334871	5.803415	-0.000000	5.803415
944	melina	1078	sea_urchin	False	True	pass	True	47.510345	10.425846	-0.000003	10.425846
945	melina	1105	gorilla	False	True	pass	True	37.107998	8.121000	-0.000001	8.121000
946	melina	1129	workbench	True	True	pass	True	48.785885	10.510143	0.000002	10.510143
947	melina	1088	slipper	False	True	pass	True	54.938347	11.527290	-0.000001	11.527290
948	melina	1102	crab	False	True	pass	True	39.515987	6.225191	-0.000002	6.225191
949	melina	1033	helmet	False	True	pass	True	40.215641	8.051657	-0.000002	8.051658
950	melina	1141	peach	False	True	pass	True	41.145519	10.117846	0.000001	10.117846
951	melina	1130	showerhead	True	True	pass	True	41.316803	8.644457	0.000002	8.644457
952	melina	1150	chick	True	True	pass	True	37.973667	7.977520	0.000002	7.977520
953	melina	1145	rocking_chair	True	True	pass	True	43.855236	8.437823	0.000002	8.437823
954	melina	1094	onion	False	True	pass	True	32.974689	6.346957	-0.000003	6.346957
955	melina	1153	donut	False	True	pass	True	109.604919	11.395412	0.000000	11.395412
956	melina	1027	memory_stick	False	True	pass	True	79.964096	9.755632	0.000004	9.755632
957	melina	1014	shark	False	True	pass	True	46.436729	10.267482	-0.000001	10.267482
958	melina	1025	llama	False	True	pass	True	47.088242	11.276391	0.000001	11.276391
959	melina	1148	broccoli	False	True	pass	True	53.922222	9.606063	0.000001	9.606063
960	melina	1147	lemonade	True	True	pass	True	180.876190	20.670221	-0.000007	20.670221
961	melina	1083	shirt	False	True	pass	True	39.802612	8.617729	0.000004	8.617729
962	melina	1041	octopus	False	True	pass	True	38.324734	7.824297	-0.000003	7.824297
963	melina	1018	coffee	False	True	pass	True	26.551243	5.853287	0.000001	5.853287
964	melina	1136	snake	False	True	pass	True	44.240234	7.662385	0.000001	7.662385
965	melina	1044	raccoon	False	True	pass	True	34.976349	5.671237	-0.000001	5.671237
966	melina	1027	memory_stick	True	True	pass	True	39.735386	7.945778	-0.000005	7.945778
967	melina	1128	toad	False	True	pass	True	25.705772	5.605758	0.000003	5.605758
968	melina	1043	ostrich	False	True	pass	True	38.687222	10.097404	0.000002	10.097404
969	melina	1099	tricycle	False	True	pass	True	32.463501	4.878720	-0.000002	4.878720
970	melina	1117	hamster	False	True	pass	True	31.738111	6.916717	-0.000001	6.916717
971	melina	1030	puffin	False	True	pass	True	19.507809	4.372214	0.000001	4.372214
972	melina	1080	camcorder	False	True	pass	True	34.369259	6.596615	-0.000004	6.596615
973	melina	1070	dragonfly	False	True	pass	True	27.674482	6.442574	0.000003	6.442574
974	melina	1007	mirror	False	True	pass	True	40.966305	7.971642	0.000001	7.971642
975	melina	1059	zucchini	True	True	pass	True	43.810368	7.296435	0.000004	7.296435
976	melina	1158	bulldozer	False	True	pass	True	44.488651	9.898037	-0.000004	9.898038
977	melina	1051	yacht	True	True	pass	True	64.730293	12.890463	0.000000	12.890463
978	melina	1076	groundhog	False	True	pass	True	55.134747	9.535720	-0.000001	9.535720
979	melina	1122	webcam	False	True	pass	True	51.607174	9.007997	0.000006	9.007997
980	melina	1052	wallpaper	True	True	pass	True	35.154861	9.013724	0.000004	9.013724
981	melina	1142	piglet	False	True	pass	True	22.757753	5.650965	0.000004	5.650965
982	melina	1064	fly	False	True	pass	True	28.132814	5.280724	-0.000004	5.280724
983	melina	1060	squirrel	True	True	pass	True	39.513378	6.663981	0.000007	6.663981
984	melina	1048	sombrero	False	True	pass	True	41.293953	7.120487	-0.000012	7.120487
985	melina	1009	papaya	False	True	pass	True	60.771301	12.381795	0.000002	12.381795
986	melina	1072	blackberry	False	True	pass	True	48.582058	10.312269	0.000008	10.312269
987	melina	1089	unicycle	False	True	pass	True	78.044289	16.878639	-0.000001	16.878639
988	melina	1075	filing_cabinet	False	True	pass	True	25.191814	5.779720	0.000002	5.779720
989	melina	1029	sheep	False	True	pass	True	57.862301	11.624081	-0.000003	11.624082
990	melina	1069	rollerblade	False	True	pass	True	61.216400	13.531282	-0.000002	13.531281
991	melina	1126	helicopter	True	True	pass	True	58.144123	10.706590	0.000008	10.706590
992	melina	1019	videocassette	False	True	pass	True	35.066700	7.583699	-0.000002	7.583699
993	melina	1005	ottoman	False	True	pass	True	37.881683	7.087357	0.000001	7.087357
994	melina	1116	praying_mantis	False	True	pass	True	37.287319	6.771902	-0.000004	6.771901
995	melina	1022	shoe	False	True	pass	True	70.876732	14.041113	0.000002	14.041114
996	melina	1066	giraffe	False	True	pass	True	109.555908	9.713508	-0.000001	9.713508
997	melina	1004	dalmatian	False	True	pass	True	44.661678	7.159577	-0.000011	7.159577
998	melina	1157	barnacle	True	True	pass	True	36.906799	7.125781	-0.000004	7.125781
999	melina	1024	lab_coat	False	True	pass	True	48.609692	8.900815	0.000000	8.900815
1000	zar	1096	beaver	False	True	review	False	402.215454	31.937782	-0.000010	31.937784
1001	zar	1124	nightshirt	False	True	pass	True	62.512150	13.071418	-0.000011	13.071418
1002	zar	1006	cardinal	False	True	pass	True	43.835415	10.971213	-0.000007	10.971213
1003	zar	1071	mongoose	False	True	pass	True	58.856003	12.896322	0.000008	12.896322
1004	zar	1077	bison	False	True	pass	True	56.812679	11.923055	-0.000002	11.923055
1005	zar	1159	pear	False	True	pass	True	54.152546	11.311177	0.000024	11.311177
1006	zar	1062	antelope	False	True	pass	True	50.372005	13.060138	0.000023	13.060138
1007	zar	1145	rocking_chair	False	True	pass	True	43.329212	9.564687	0.000016	9.564687
1008	zar	1015	moose	False	True	pass	True	55.332199	10.461222	0.000011	10.461223
1009	zar	1092	bunkbed	False	True	pass	True	63.035198	10.343196	-0.000014	10.343195
1010	zar	1001	limousine	False	True	pass	True	54.913826	14.556247	-0.000003	14.556247
1011	zar	1160	clam	False	True	pass	True	51.581669	11.712791	-0.000016	11.712790
1012	zar	1020	television	False	True	pass	True	66.982796	11.172956	-0.000005	11.172956
1013	zar	1104	speaker	False	True	pass	True	52.081993	12.302674	-0.000020	12.302675
1014	zar	1134	sleeping_bag	False	True	pass	True	59.765835	13.103942	-0.000005	13.103942
1015	zar	1147	lemonade	False	True	pass	True	64.560577	13.920429	-0.000004	13.920429
1016	zar	1121	sunglasses	False	True	pass	True	48.689354	12.695403	-0.000015	12.695403
1017	zar	1035	lizard	False	True	pass	True	59.908543	13.114552	-0.000008	13.114552
1018	zar	1052	wallpaper	False	True	pass	True	46.652405	8.190387	0.000002	8.190387
1019	zar	1132	polar_bear	False	True	pass	True	56.739189	14.364364	0.000002	14.364364
1020	zar	1071	mongoose	True	True	review	False	343.623688	27.125248	-0.000004	27.125248
1021	zar	1150	chick	False	True	pass	True	53.417450	11.506981	-0.000003	11.506981
1022	zar	1134	sleeping_bag	True	True	pass	True	42.546146	9.004107	0.000004	9.004107
1023	zar	1053	reindeer	False	True	pass	True	75.737823	14.123664	0.000012	14.123663
1024	zar	1060	squirrel	False	True	pass	True	72.527382	13.780915	-0.000002	13.780915
1025	zar	1001	limousine	True	True	pass	True	66.564987	12.884791	0.000007	12.884792
1026	zar	1115	marshmallow	False	True	pass	True	63.361172	13.457719	-0.000008	13.457719
1027	zar	1159	pear	True	True	pass	True	73.587875	14.688465	0.000003	14.688465
1028	zar	1012	burrito	False	True	pass	True	88.154533	13.415034	0.000009	13.415034
1029	zar	1036	ladybug	False	True	pass	True	49.648289	12.310862	-0.000013	12.310862
1030	zar	1045	goose	False	True	review	False	260.124176	16.421692	-0.000002	16.421694
1031	zar	1095	mouse2	False	True	pass	True	93.419235	15.581632	-0.000005	15.581632
1032	zar	1144	tarantula	False	True	pass	True	71.194267	15.417346	0.000008	15.417346
1033	zar	1057	eggnog	False	True	pass	True	57.716515	11.368519	-0.000004	11.368519
1034	zar	1112	hard_disk	False	True	pass	True	76.374580	14.723094	0.000003	14.723094
1035	zar	1108	possum	False	True	pass	True	70.149193	13.378711	-0.000007	13.378711
1036	zar	1160	clam	True	True	pass	True	243.549103	21.718796	-0.000001	21.718796
1037	zar	1031	fish	False	True	pass	True	80.918106	14.648572	-0.000003	14.648572
1038	zar	1016	ant	False	True	pass	True	47.109283	11.773984	-0.000011	11.773984
1039	zar	1118	candy_bar	False	True	pass	True	64.814125	13.731328	-0.000021	13.731328
1040	zar	1050	artichoke	False	True	review	False	286.552521	20.721058	0.000005	20.721058
1041	zar	1157	barnacle	False	True	pass	True	59.213795	9.097132	0.000011	9.097132
1042	zar	1098	stool	False	True	pass	True	78.528969	11.409966	0.000014	11.409966
1043	zar	1073	bull	False	True	pass	True	49.210827	9.846465	-0.000003	9.846465
1044	zar	1020	television	True	True	pass	True	65.518402	13.912437	-0.000008	13.912436
1045	zar	1151	tractor	False	True	pass	True	76.259827	12.959377	0.000001	12.959378
1046	zar	1119	star_fruit	False	True	pass	True	64.980553	12.134254	0.000002	12.134254
1047	zar	1011	raspberry	False	True	pass	True	84.708313	17.316168	0.000011	17.316168
1048	zar	1137	lamb	False	True	review	False	264.843201	20.510223	0.000028	20.510221
1049	zar	1104	speaker	True	True	pass	True	92.590347	18.245560	0.000023	18.245560
1050	zar	1110	jet	False	True	review	False	316.043304	20.974337	0.000003	20.974337
1051	zar	1144	tarantula	True	True	review	False	261.344269	18.123655	0.000004	18.123655
1052	zar	1006	cardinal	True	True	review	False	262.966949	18.429945	-0.000004	18.429945
1053	zar	1097	sandwich	False	True	review	False	385.520782	31.177971	-0.000016	31.177971
1054	zar	1090	garlic	False	True	pass	True	77.678810	15.131544	0.000011	15.131544
1055	zar	1101	boat	False	True	pass	True	237.017685	18.911215	-0.000007	18.911215
1056	zar	1132	polar_bear	True	True	pass	True	180.645996	14.982680	-0.000001	14.982680
1057	zar	1047	drawer	False	True	pass	True	44.455143	10.325500	-0.000023	10.325500
1058	zar	1026	asparagus	False	True	pass	True	75.890686	17.080641	-0.000029	17.080641
1059	zar	1046	tiramisu	False	True	pass	True	73.117752	13.198956	-0.000001	13.198957
1060	zar	1110	jet	True	True	pass	True	56.077869	9.878054	-0.000001	9.878054
1061	zar	1149	mole	False	True	pass	True	63.543159	11.974175	-0.000008	11.974175
1062	zar	1023	wolf	False	True	pass	True	60.915844	11.964710	0.000005	11.964710
1063	zar	1125	sundae	False	True	pass	True	59.502666	13.873550	-0.000013	13.873549
1064	zar	1037	steamroller	False	True	pass	True	84.132896	12.689179	0.000005	12.689179
1065	zar	1120	owl	False	True	pass	True	76.016327	14.097847	-0.000011	14.097847
1066	zar	1015	moose	True	True	pass	True	64.975586	14.428202	-0.000005	14.428203
1067	zar	1121	sunglasses	True	True	pass	True	93.922691	16.159569	-0.000006	16.159569
1068	zar	1049	rat	False	True	pass	True	70.328003	12.870493	-0.000005	12.870492
1069	zar	1032	pants	False	True	pass	True	54.269299	11.378754	0.000015	11.378754
1070	zar	1063	car	False	True	pass	True	73.974617	13.466068	0.000006	13.466068
1071	zar	1118	candy_bar	True	True	pass	True	88.241508	15.482685	-0.000040	15.482685
1072	zar	1092	bunkbed	True	True	pass	True	101.107063	20.720312	-0.000013	20.720312
1073	zar	1038	cupcake	False	True	pass	True	81.977127	15.484584	0.000011	15.484584
1074	zar	1061	taco	False	True	review	False	479.915955	52.337513	-0.000004	52.337513
1075	zar	1130	showerhead	False	True	pass	True	86.616798	16.322544	0.000001	16.322544
1076	zar	1143	mango	False	True	pass	True	90.342552	15.829802	-0.000036	15.829802
1077	zar	1123	sorbet	False	True	pass	True	62.073948	11.980078	0.000007	11.980078
1078	zar	1013	banana	False	True	pass	True	86.516243	16.757601	-0.000008	16.757601
1079	zar	1139	earwig	False	True	pass	True	49.076653	11.955472	-0.000008	11.955472
1080	zar	1079	puppy	False	True	pass	True	69.466438	9.375371	-0.000006	9.375371
1081	zar	1082	necklace	False	True	pass	True	87.383690	14.930647	-0.000008	14.930647
1082	zar	1131	eel	False	True	pass	True	67.253738	16.103746	-0.000022	16.103746
1083	zar	1143	mango	True	True	review	False	350.350342	31.829540	0.000033	31.829540
1084	zar	1109	wasp	False	True	pass	True	77.585800	16.552235	0.000011	16.552235
1085	zar	1046	tiramisu	True	True	pass	True	100.609642	18.505165	0.000014	18.505165
1086	zar	1133	cockatoo	False	True	review	False	254.448242	22.539089	0.000014	22.539089
1087	zar	1002	pea	False	True	pass	True	93.127785	18.614542	-0.000004	18.614540
1088	zar	1135	pony	False	True	pass	True	87.721924	15.270920	-0.000002	15.270920
1089	zar	1125	sundae	True	True	review	False	478.107971	57.033375	0.000045	57.033375
1090	zar	1124	nightshirt	True	True	pass	True	47.931110	9.936831	-0.000009	9.936831
1091	zar	1140	kayak	False	True	pass	True	94.097382	15.846486	0.000017	15.846486
1092	zar	1059	zucchini	False	True	pass	True	79.169594	13.375950	0.000021	13.375950
1093	zar	1040	panda	False	True	pass	True	55.388313	11.905599	-0.000005	11.905599
1094	zar	1061	taco	True	True	pass	True	218.097321	15.997567	0.000002	15.997568
1095	zar	1107	omelet	False	True	pass	True	45.380066	9.239055	-0.000006	9.239055
1096	zar	1086	pasta	False	True	pass	True	61.314693	11.159905	0.000002	11.159905
1097	zar	1010	pineapple	False	True	pass	True	86.403946	13.209198	0.000006	13.209198
1098	zar	1127	space_shuttle	False	True	pass	True	67.468895	15.945249	-0.000023	15.945249
1099	zar	1155	kale	False	True	pass	True	62.678417	12.915178	0.000011	12.915178
1100	zar	1152	speedboat	False	True	pass	True	42.609138	7.944181	-0.000009	7.944181
1101	zar	1008	keyboard	False	True	pass	True	45.794662	10.871417	0.000006	10.871417
1102	zar	1042	eagle	False	True	pass	True	53.366402	9.549861	0.000026	9.549861
1103	zar	1028	meatball	False	True	pass	True	63.578674	12.546564	0.000018	12.546565
1104	zar	1062	antelope	True	True	pass	True	50.031197	11.209121	-0.000002	11.209121
1105	zar	1085	frog	False	True	pass	True	46.698784	11.242188	-0.000007	11.242188
1106	zar	1074	cobra	False	True	pass	True	59.063480	11.196735	-0.000009	11.196735
1107	zar	1103	blazer	False	True	pass	True	61.581253	14.604805	-0.000011	14.604805
1108	zar	1017	carrot	False	True	pass	True	58.202644	11.341023	0.000006	11.341023
1109	zar	1126	helicopter	False	True	pass	True	169.548859	13.645846	-0.000021	13.645846
1110	zar	1106	swordfish	False	True	pass	True	70.032555	12.396182	-0.000017	12.396183
1111	zar	1068	radio	False	True	pass	True	45.362431	10.985703	0.000023	10.985703
1112	zar	1100	champagne	False	True	pass	True	40.879997	9.658487	0.000004	9.658488
1113	zar	1084	cheetah	False	True	pass	True	53.810917	11.919633	-0.000007	11.919633
1114	zar	1120	owl	True	True	pass	True	38.568073	9.392292	0.000001	9.392292
1115	zar	1129	workbench	False	True	pass	True	48.920860	10.535362	0.000025	10.535362
1116	zar	1053	reindeer	True	True	pass	True	52.607269	9.986390	0.000014	9.986390
1117	zar	1039	sailboat	False	True	pass	True	70.839973	15.149427	0.000038	15.149427
1118	zar	1111	creme_brulee	False	True	pass	True	66.575531	11.972648	0.000011	11.972648
1119	zar	1012	burrito	True	True	pass	True	92.374832	17.219902	0.000002	17.219902
1120	zar	1067	taffy	False	True	pass	True	120.725204	13.300715	0.000009	13.300716
1121	zar	1084	cheetah	True	True	pass	True	166.439728	11.550004	-0.000013	11.550004
1122	zar	1082	necklace	True	True	pass	True	94.872093	17.305609	-0.000013	17.305609
1123	zar	1051	yacht	False	True	pass	True	52.118111	11.692751	-0.000021	11.692751
1124	zar	1091	kitten	False	True	pass	True	41.514393	8.770568	-0.000009	8.770568
1125	zar	1081	police_car	False	True	pass	True	64.718910	11.988372	0.000004	11.988372
1126	zar	1154	chandelier	False	True	pass	True	58.480370	11.876379	0.000023	11.876379
1127	zar	1087	bathrobe	False	True	pass	True	54.958027	10.408464	-0.000003	10.408464
1128	zar	1065	cabinet	False	True	pass	True	59.171417	12.378668	-0.000011	12.378668
1129	zar	1114	spinach	False	True	pass	True	56.338066	12.633271	0.000009	12.633271
1130	zar	1138	ping-pong_table	False	True	pass	True	66.229866	16.839170	0.000037	16.839170
1131	zar	1113	firetruck	False	True	pass	True	71.447693	13.681454	-0.000005	13.681453
1132	zar	1021	tea	False	True	pass	True	218.050385	20.460850	0.000004	20.460850
1133	zar	1023	wolf	True	True	pass	True	60.351818	12.939207	-0.000009	12.939208
1134	zar	1093	duckling	False	True	pass	True	51.532269	10.879123	-0.000006	10.879124
1135	zar	1146	cheesecake	False	True	review	False	327.463837	18.064804	0.000003	18.064804
1136	zar	1045	goose	True	True	pass	True	56.311058	13.293587	0.000013	13.293588
1137	zar	1156	coconut	False	True	pass	True	45.263535	9.987043	0.000021	9.987043
1138	zar	1058	loveseat	False	True	pass	True	52.390369	11.043931	-0.000015	11.043931
1139	zar	1055	seagull	False	True	pass	True	60.630398	10.920202	0.000002	10.920203
1140	zar	1056	leggings	False	True	pass	True	235.979996	15.874427	-0.000001	15.874427
1141	zar	1054	bathtub	False	True	review	False	307.286163	21.726410	-0.000000	21.726410
1142	zar	1034	bracelet1	False	True	pass	True	87.671638	12.738810	0.000013	12.738810
1143	zar	1003	shorts	False	True	pass	True	53.815323	11.379215	0.000005	11.379215
1144	zar	1078	sea_urchin	False	True	pass	True	61.592335	11.587696	-0.000003	11.587696
1145	zar	1105	gorilla	False	True	pass	True	78.633858	16.309282	0.000007	16.309282
1146	zar	1129	workbench	True	True	pass	True	62.737877	11.552897	-0.000002	11.552897
1147	zar	1088	slipper	False	True	pass	True	85.209679	16.895302	-0.000007	16.895302
1148	zar	1102	crab	False	True	pass	True	63.623264	13.697186	0.000018	13.697186
1149	zar	1033	helmet	False	True	pass	True	100.970421	20.496397	0.000002	20.496397
1150	zar	1141	peach	False	True	pass	True	217.711716	15.313193	-0.000014	15.313193
1151	zar	1130	showerhead	True	True	review	False	261.178955	23.999495	-0.000004	23.999495
1152	zar	1150	chick	True	True	pass	True	67.740799	12.715888	0.000015	12.715889
1153	zar	1145	rocking_chair	True	True	pass	True	64.206589	12.583893	-0.000003	12.583892
1154	zar	1094	onion	False	True	pass	True	67.946457	13.008155	-0.000014	13.008155
1155	zar	1153	donut	False	True	pass	True	46.527519	8.530482	-0.000004	8.530482
1156	zar	1027	memory_stick	False	True	pass	True	52.529549	11.598089	0.000001	11.598089
1157	zar	1014	shark	False	True	pass	True	55.762798	11.765186	0.000010	11.765186
1158	zar	1025	llama	False	True	pass	True	51.514427	11.415941	-0.000022	11.415941
1159	zar	1148	broccoli	False	True	pass	True	87.730278	13.807346	-0.000014	13.807345
1160	zar	1147	lemonade	True	True	pass	True	101.587631	10.635973	0.000014	10.635974
1161	zar	1083	shirt	False	True	pass	True	86.365906	17.960835	0.000021	17.960835
1162	zar	1041	octopus	False	True	pass	True	57.502792	10.575587	0.000008	10.575587
1163	zar	1018	coffee	False	True	pass	True	45.671890	11.135847	-0.000014	11.135846
1164	zar	1136	snake	False	True	pass	True	67.298264	11.654468	0.000003	11.654468
1165	zar	1044	raccoon	False	True	pass	True	61.337254	12.272376	0.000006	12.272376
1166	zar	1027	memory_stick	True	True	pass	True	51.733017	10.470758	0.000003	10.470759
1167	zar	1128	toad	False	True	pass	True	78.722786	12.091033	-0.000005	12.091033
1168	zar	1043	ostrich	False	True	pass	True	59.578705	11.962711	-0.000019	11.962711
1169	zar	1099	tricycle	False	True	pass	True	60.538761	12.325074	0.000012	12.325074
1170	zar	1117	hamster	False	True	pass	True	58.034267	13.297362	-0.000016	13.297363
1171	zar	1030	puffin	False	True	review	False	366.298767	36.004070	-0.000020	36.004070
1172	zar	1080	camcorder	False	True	pass	True	64.350670	12.386192	-0.000003	12.386193
1173	zar	1070	dragonfly	False	True	pass	True	53.696548	10.415748	0.000010	10.415748
1174	zar	1007	mirror	False	True	pass	True	43.578392	9.294894	0.000019	9.294894
1175	zar	1059	zucchini	True	True	pass	True	46.544724	9.934422	0.000008	9.934422
1176	zar	1158	bulldozer	False	True	pass	True	57.340183	11.439347	0.000010	11.439347
1177	zar	1051	yacht	True	True	pass	True	51.885288	10.989090	-0.000002	10.989090
1178	zar	1076	groundhog	False	True	review	False	306.476715	30.121494	-0.000022	30.121494
1179	zar	1122	webcam	False	True	pass	True	100.605957	18.102093	-0.000006	18.102093
1180	zar	1052	wallpaper	True	True	pass	True	217.065094	15.082189	-0.000006	15.082189
1181	zar	1142	piglet	False	True	review	False	354.633636	25.499422	0.000012	25.499422
1182	zar	1064	fly	False	True	pass	True	63.418655	12.257604	-0.000001	12.257604
1183	zar	1060	squirrel	True	True	pass	True	57.652103	9.000385	0.000002	9.000385
1184	zar	1048	sombrero	False	True	pass	True	65.612411	12.244757	-0.000003	12.244757
1185	zar	1009	papaya	False	True	pass	True	59.788418	6.793121	-0.000002	6.793121
1186	zar	1072	blackberry	False	True	pass	True	63.384933	14.646568	-0.000006	14.646568
1187	zar	1089	unicycle	False	True	pass	True	53.005749	13.178273	-0.000004	13.178274
1188	zar	1075	filing_cabinet	False	True	pass	True	174.327667	14.243989	0.000008	14.243989
1189	zar	1029	sheep	False	True	pass	True	73.491348	13.334472	0.000004	13.334472
1190	zar	1069	rollerblade	False	True	pass	True	77.112953	13.375381	-0.000001	13.375381
1191	zar	1126	helicopter	True	True	pass	True	48.008808	13.724295	-0.000002	13.724295
1192	zar	1019	videocassette	False	True	pass	True	69.689919	11.172812	0.000001	11.172812
1193	zar	1005	ottoman	False	True	pass	True	50.580730	11.379404	0.000002	11.379404
1194	zar	1116	praying_mantis	False	True	pass	True	54.990963	11.351826	0.000001	11.351826
1195	zar	1022	shoe	False	True	pass	True	59.512394	11.573613	-0.000004	11.573613
1196	zar	1066	giraffe	False	True	pass	True	59.591576	16.768002	0.000004	16.768002
1197	zar	1004	dalmatian	False	True	pass	True	68.333717	12.896690	-0.000001	12.896690
1198	zar	1157	barnacle	True	True	pass	True	61.825840	14.349194	0.000002	14.349194
1199	zar	1024	lab_coat	False	True	review	False	250.142166	23.688765	-0.000008	23.688765
