subject_folder	csv_path	trial_index_csv	trigger	category	show_image_duration_s	image_stimulus_duration_s	pre_fixation_s	post_image_delay_s	image_onset_interval_s
P06	lab_data/P06/P06_EEG_recon_2026-06-08_09h54.33.227.csv	1	1096	beaver	3.9876217999999426		1.7802922999999282	0.24947259999999005	6.230819200000042
P06	lab_data/P06/P06_EEG_recon_2026-06-08_09h54.33.227.csv	2	1124	nightshirt	3.9791439000000537		1.9999876000001677	0.2497638999998344	5.915838999999778
P06	lab_data/P06/P06_EEG_recon_2026-06-08_09h54.33.227.csv	3	1006	cardinal	3.9800224000000526		1.6935061999997743	0.2496608000001288	5.88061289999996
P06	lab_data/P06/P06_EEG_recon_2026-06-08_09h54.33.227.csv	4	1071	mongoose	3.9882156000003306		1.6577709999996841	0.2496078999997735	6.009743900000103
P06	lab_data/P06/P06_EEG_recon_2026-06-08_09h54.33.227.csv	5	1077	bison	3.9854035000003023		1.7787217999998575	0.2502139999996871	5.791515700000218
P06	lab_data/P06/P06_EEG_recon_2026-06-08_09h54.33.227.csv	6	1159	pear	3.9932365999998183		1.5622213000001466	0.24886130000004414	6.18958530000009
P06	lab_data/P06/P06_EEG_recon_2026-06-08_09h54.33.227.csv	7	1062	antelope	3.9904640999998264	3.993525000000318	1.954178100000263	0.24945190000016737	5.788290999999845
P06	lab_data/P06/P06_EEG_recon_2026-06-08_09h54.33.227.csv	8	1145	rocking_chair	3.9870459999997365		1.5546479999998155	0.25002110000014	5.782000100000005
P06	lab_data/P06/P06_EEG_recon_2026-06-08_09h54.33.227.csv	9	1015	moose	3.9624242999998387		1.5522814000000835	0.24907230000007985	5.864058699999987
P06	lab_data/P06/P06_EEG_recon_2026-06-08_09h54.33.227.csv	10	1092	bunkbed	3.993637099999887		1.6592925999998442	0.24971270000014556	6.0522094999996625
P06	lab_data/P06/P06_EEG_recon_2026-06-08_09h54.33.227.csv	11	1001	limousine	3.9900839000001724	3.992878799999744	1.8152825999995912	0.24977579999995214	5.746473100000003
P06	lab_data/P06/P06_EEG_recon_2026-06-08_09h54.33.227.csv	12	1160	clam	3.9872396000000663		1.5133861999997862	0.24903680000034	5.952492500000062
P06	lab_data/P06/P06_EEG_recon_2026-06-08_09h54.33.227.csv	13	1020	television	3.9786880999999994		1.722712299998875	0.25015080000002854	6.133534700000382
P06	lab_data/P06/P06_EEG_recon_2026-06-08_09h54.33.227.csv	14	1104	speaker	3.9911817999995947		1.9119322000001375	0.24959720000015295	6.272522600000684
P06	lab_data/P06/P06_EEG_recon_2026-06-08_09h54.33.227.csv	15	1134	sleeping_bag	3.8450272999989465		2.0388022000011006	0.24824200000011842	5.742317799999
P06	lab_data/P06/P06_EEG_recon_2026-06-08_09h54.33.227.csv	16	1147	lemonade	3.9278401999999915		1.6558396000000357	0.24926929999992353	6.1938177000001815
P06	lab_data/P06/P06_EEG_recon_2026-06-08_09h54.33.227.csv	17	1121	sunglasses	3.8594011000000137		2.023429800000031	0.24941510000007838	5.906325500000094
P06	lab_data/P06/P06_EEG_recon_2026-06-08_09h54.33.227.csv	18	1035	lizard	3.9805223999996997		1.8043534000003092	0.24971310000000813	5.813758499999949
P06	lab_data/P06/P06_EEG_recon_2026-06-08_09h54.33.227.csv	19	1052	wallpaper	3.9861375999998927		1.5906574000000546	0.24981190000016795	5.958556100000806
P06	lab_data/P06/P06_EEG_recon_2026-06-08_09h54.33.227.csv	20	1132	polar_bear	3.992780899999161	3.995842399999674	1.7286713000007694	0.292604800000845	55.14009619999888
P06	lab_data/P06/P06_EEG_recon_2026-06-08_09h54.33.227.csv	21	1071	mongoose	3.992004100000031		1.8392221999997673	0.24962520000008226	5.813810200001171
P06	lab_data/P06/P06_EEG_recon_2026-06-08_09h54.33.227.csv	22	1150	chick	3.9908810999991147	3.9937482999998792	1.578716300000906	0.2493866000008893	6.291917599999124
P06	lab_data/P06/P06_EEG_recon_2026-06-08_09h54.33.227.csv	23	1134	sleeping_bag	3.8520776999998816		2.0580966000002263	0.24942559999999503	5.824084900000798
P06	lab_data/P06/P06_EEG_recon_2026-06-08_09h54.33.227.csv	24	1053	reindeer	3.986071099999208		1.729662000001099	0.24965629999996963	6.207009699999162
P06	lab_data/P06/P06_EEG_recon_2026-06-08_09h54.33.227.csv	25	1060	squirrel	3.987379299999702	3.991065400000025	1.9783320999999887	0.24968920000037542	6.133615899999768
P06	lab_data/P06/P06_EEG_recon_2026-06-08_09h54.33.227.csv	26	1001	limousine	3.985852700000123	3.9889516000002914	1.903460399999858	0.2496024000001853	6.00807180000038
P06	lab_data/P06/P06_EEG_recon_2026-06-08_09h54.33.227.csv	27	1115	marshmallow	3.9846558999997796		1.7797385000003487	0.24956169999995836	6.136639999999716
P06	lab_data/P06/P06_EEG_recon_2026-06-08_09h54.33.227.csv	28	1159	pear	3.987879300000259	3.9893490999997994	1.9094936000001326	0.24951429999964603	6.0368742999999085
P06	lab_data/P06/P06_EEG_recon_2026-06-08_09h54.33.227.csv	29	1012	burrito	3.9641043999999965		1.8070348999999624	0.2497219000010773	6.074024500001087
P06	lab_data/P06/P06_EEG_recon_2026-06-08_09h54.33.227.csv	30	1036	ladybug	3.993892199999209		1.8669536000011249	0.24979519999988042	5.901661699999295
P06	lab_data/P06/P06_EEG_recon_2026-06-08_09h54.33.227.csv	31	1045	goose	3.988467899999705		1.664999500000249	0.24925919999986945	5.830716499999653
P06	lab_data/P06/P06_EEG_recon_2026-06-08_09h54.33.227.csv	32	1095	mouse2	3.990855300000021		1.5989853999999468	0.24965610000026572	5.898160100000041
P06	lab_data/P06/P06_EEG_recon_2026-06-08_09h54.33.227.csv	33	1144	tarantula	3.9886829000001853		1.6643238999999994	0.24953160000086427	5.742962199999965
P06	lab_data/P06/P06_EEG_recon_2026-06-08_09h54.33.227.csv	34	1057	eggnog	3.988593200000196		1.511462999998912	0.24969199999986813	6.118540100000246
P06	lab_data/P06/P06_EEG_recon_2026-06-08_09h54.33.227.csv	35	1112	hard_disk	3.988380999999663	3.9913368999996237	1.8868285000003198	0.24967980000019452	6.188951899999665
P06	lab_data/P06/P06_EEG_recon_2026-06-08_09h54.33.227.csv	36	1108	possum	3.9871875000003456	3.99089129999993	1.9583160999995926	0.24939280000080544	6.09144409999999
P06	lab_data/P06/P06_EEG_recon_2026-06-08_09h54.33.227.csv	37	1160	clam	3.98613800000021	3.9893872999996347	1.8618932999997924	0.24918699999989258	5.894302700000026
P06	lab_data/P06/P06_EEG_recon_2026-06-08_09h54.33.227.csv	38	1031	fish	3.987106500000209		1.6656749999997373	0.24965750000092157	5.93832620000012
P06	lab_data/P06/P06_EEG_recon_2026-06-08_09h54.33.227.csv	39	1016	ant	3.9864486000001307		1.7077375999997457	0.24976040000001376	5.940989199999876
P06	lab_data/P06/P06_EEG_recon_2026-06-08_09h54.33.227.csv	40	1118	candy_bar	3.9834180000011656		1.7113260999999511	0.28226059999997233	29.754205500000353
P06	lab_data/P06/P06_EEG_recon_2026-06-08_09h54.33.227.csv	41	1050	artichoke	3.986269199999697	3.9888464000000567	1.5267968999992263	0.24922379999998157	5.959940499999902
P06	lab_data/P06/P06_EEG_recon_2026-06-08_09h54.33.227.csv	42	1157	barnacle	3.922099200000048		1.7308680999999524	0.24973599999975704	5.96635359999982
P06	lab_data/P06/P06_EEG_recon_2026-06-08_09h54.33.227.csv	43	1098	stool	3.996994099999938		1.8017503999999462	0.24991210000007413	5.967261400000098
P06	lab_data/P06/P06_EEG_recon_2026-06-08_09h54.33.227.csv	44	1073	bull	3.988191999999799	3.9918795000007776	1.7270144999997683	0.24975410000024567	5.872361700000965
P06	lab_data/P06/P06_EEG_recon_2026-06-08_09h54.33.227.csv	45	1020	television	3.984081599999172		1.6411746000007952	0.2497681999998349	6.116650499999196
P06	lab_data/P06/P06_EEG_recon_2026-06-08_09h54.33.227.csv	46	1151	tractor	3.9925650000000132		1.889369600000009	0.24950760000001537	6.124111199999788
P06	lab_data/P06/P06_EEG_recon_2026-06-08_09h54.33.227.csv	47	1119	star_fruit	3.9863132000000405	3.989433499998995	1.888876099999834	0.24976749999996173	6.182336700000178
P06	lab_data/P06/P06_EEG_recon_2026-06-08_09h54.33.227.csv	48	1011	raspberry	3.991792699999678		1.95314610000014	0.24912230000018099	6.167199999999866
P06	lab_data/P06/P06_EEG_recon_2026-06-08_09h54.33.227.csv	49	1137	lamb	3.9910743000000366		1.9325739000000794	0.2495969999999943	5.960001599999941
P06	lab_data/P06/P06_EEG_recon_2026-06-08_09h54.33.227.csv	50	1104	speaker	3.989685399999871	3.9923610999999255	1.7258286000001135	0.2496141000001444	5.91729979999991
P06	lab_data/P06/P06_EEG_recon_2026-06-08_09h54.33.227.csv	51	1110	jet	3.98876700000028		1.684637699999712	0.24954480000087642	5.820936000000074
P06	lab_data/P06/P06_EEG_recon_2026-06-08_09h54.33.227.csv	52	1144	tarantula	3.987619500001074	3.9903165000000627	1.589227999999821	0.24924190000001545	5.827077100000224
P06	lab_data/P06/P06_EEG_recon_2026-06-08_09h54.33.227.csv	53	1006	cardinal	3.986750999999913	3.9902329999999893	1.5967685999999048	0.24981509999997797	5.828104199999871
P06	lab_data/P06/P06_EEG_recon_2026-06-08_09h54.33.227.csv	54	1097	sandwich	3.985229500000969	3.989091500000086	1.5983887000002142	0.2496380999991743	5.9126406999998835
P06	lab_data/P06/P06_EEG_recon_2026-06-08_09h54.33.227.csv	55	1090	garlic	3.989207399999941		1.684909300000072	0.2494925000000876	6.156105800000205
P06	lab_data/P06/P06_EEG_recon_2026-06-08_09h54.33.227.csv	56	1101	boat	3.9857020999997985		1.92380170000024	0.24964090000003125	5.7692566000000625
P06	lab_data/P06/P06_EEG_recon_2026-06-08_09h54.33.227.csv	57	1132	polar_bear	3.9874118999996426	3.9896616000000904	1.5402508000001944	0.24952230000008058	6.168597099999715
P06	lab_data/P06/P06_EEG_recon_2026-06-08_09h54.33.227.csv	58	1047	drawer	3.9371100000003025		1.938574399999652	0.24976110000079643	5.795729500000107
P06	lab_data/P06/P06_EEG_recon_2026-06-08_09h54.33.227.csv	59	1026	asparagus	3.9262386999998853		1.615747199999987	0.24914460000036343	5.9703865000001315
P06	lab_data/P06/P06_EEG_recon_2026-06-08_09h54.33.227.csv	60	1046	tiramisu	3.983284200000071		1.801179599999159	0.25618679999979577	25.1634925999997
P06	lab_data/P06/P06_EEG_recon_2026-06-08_09h54.33.227.csv	61	1110	jet	3.9866107000002557	3.9903761999999006	1.6654945999998745	0.2496225999998387	5.842383900000186
P06	lab_data/P06/P06_EEG_recon_2026-06-08_09h54.33.227.csv	62	1149	mole	3.991463400000157	3.9957391999996617	1.6128560000001926	0.2496765000000778	6.216363000000001
P06	lab_data/P06/P06_EEG_recon_2026-06-08_09h54.33.227.csv	63	1023	wolf	3.990743199999997		1.98177110000006	0.24953420000019833	5.758057500000177
P06	lab_data/P06/P06_EEG_recon_2026-06-08_09h54.33.227.csv	64	1125	sundae	3.9896672999998373		1.5248200000000907	0.2493648999998186	5.826372300000003
P06	lab_data/P06/P06_EEG_recon_2026-06-08_09h54.33.227.csv	65	1037	steamroller	3.9895521999997072		1.5940604000002168	0.24964570000020103	6.134472199999891
P06	lab_data/P06/P06_EEG_recon_2026-06-08_09h54.33.227.csv	66	1120	owl	3.987168600000132	3.9906026999997266	1.9018894000000728	0.24952529999973194	6.050103699999909
P06	lab_data/P06/P06_EEG_recon_2026-06-08_09h54.33.227.csv	67	1015	moose	3.9650415000000976		1.8199251000000913	0.24959679999983564	6.310277000000042
P06	lab_data/P06/P06_EEG_recon_2026-06-08_09h54.33.227.csv	68	1121	sunglasses	3.849596399999882		2.1021835999999894	0.2491253000002871	5.720871200000147
P06	lab_data/P06/P06_EEG_recon_2026-06-08_09h54.33.227.csv	69	1049	rat	3.982537900000807		1.6290689000002203	0.24964729999919655	5.78079150000076
P06	lab_data/P06/P06_EEG_recon_2026-06-08_09h54.33.227.csv	70	1032	pants	3.986253499999293		1.5557960000010098	0.24960839999994278	6.047248299998955
P06	lab_data/P06/P06_EEG_recon_2026-06-08_09h54.33.227.csv	71	1063	car	3.9874933999999485		1.8180420999997295	0.24972109999998793	6.139688000000206
P06	lab_data/P06/P06_EEG_recon_2026-06-08_09h54.33.227.csv	72	1118	candy_bar	3.9865740999998707		1.9089883000001464	0.24949800000104005	5.780897799999821
P06	lab_data/P06/P06_EEG_recon_2026-06-08_09h54.33.227.csv	73	1092	bunkbed	3.990831000000071		1.5510317999996914	0.24971159999995507	5.894950700000209
P06	lab_data/P06/P06_EEG_recon_2026-06-08_09h54.33.227.csv	74	1038	cupcake	3.942801099999997		1.6614432000001216	0.24973939999972572	6.097197300000062
P06	lab_data/P06/P06_EEG_recon_2026-06-08_09h54.33.227.csv	75	1061	taco	3.984704899999997		1.9111096999999972	0.24986330000001544	5.93071639999971
P06	lab_data/P06/P06_EEG_recon_2026-06-08_09h54.33.227.csv	76	1130	showerhead	3.9914785999999367		1.702921300000071	0.24988690000009228	5.879398999999921
P06	lab_data/P06/P06_EEG_recon_2026-06-08_09h54.33.227.csv	77	1143	mango	3.9874791000002006		1.645070399999895	0.24906119999923249	6.166240599999583
P06	lab_data/P06/P06_EEG_recon_2026-06-08_09h54.33.227.csv	78	1123	sorbet	3.9875415000005887		1.9361336000001756	0.2497152999994796	6.095438800000011
P06	lab_data/P06/P06_EEG_recon_2026-06-08_09h54.33.227.csv	79	1013	banana	3.988965300000018		1.864946599999712	0.25015280000025086	5.742923200000405
P06	lab_data/P06/P06_EEG_recon_2026-06-08_09h54.33.227.csv	80	1139	earwig	3.9896991999994498		1.5102563000000373	0.2533468999999968	21.487460100000135
P06	lab_data/P06/P06_EEG_recon_2026-06-08_09h54.33.227.csv	81	1079	puppy	3.988552400000117		1.5023583000001963	0.24931870000000345	6.118229799999426
P06	lab_data/P06/P06_EEG_recon_2026-06-08_09h54.33.227.csv	82	1082	necklace	3.9882892000005086		1.8870662999997876	0.2494194000000789	5.917806700000256
P06	lab_data/P06/P06_EEG_recon_2026-06-08_09h54.33.227.csv	83	1131	eel	3.9873826000002737		1.6867509000003338	0.2496218999995108	5.9661152999997284
P06	lab_data/P06/P06_EEG_recon_2026-06-08_09h54.33.227.csv	84	1143	mango	3.9862111000002187		1.735863299999437	0.24977899999976216	6.177525600000081
P06	lab_data/P06/P06_EEG_recon_2026-06-08_09h54.33.227.csv	85	1109	wasp	3.975913400000536		1.9481096999998044	0.2491569999992862	5.770001500000944
P06	lab_data/P06/P06_EEG_recon_2026-06-08_09h54.33.227.csv	86	1046	tiramisu	3.990405699999428		1.5512917000005473	0.24926700000014534	6.124659399999473
P06	lab_data/P06/P06_EEG_recon_2026-06-08_09h54.33.227.csv	87	1133	cockatoo	3.990794199999982		1.891585400000622	0.24946860000000015	5.8970085999999355
P06	lab_data/P06/P06_EEG_recon_2026-06-08_09h54.33.227.csv	88	1002	pea	3.9891775999994934	3.993083800000022	1.66344509999999	0.24990280000110943	5.985628400000678
P06	lab_data/P06/P06_EEG_recon_2026-06-08_09h54.33.227.csv	89	1135	pony	3.990284499998779		1.7527701000008165	0.2494252000005872	6.064758699999402
P06	lab_data/P06/P06_EEG_recon_2026-06-08_09h54.33.227.csv	90	1125	sundae	3.9879967999995642	3.9907696000000215	1.8316690000001472	0.24944140000025072	5.832566799999768
P06	lab_data/P06/P06_EEG_recon_2026-06-08_09h54.33.227.csv	91	1124	nightshirt	3.9816649000003963		1.6019679999999425	0.2507096999997884	5.800013700000818
P06	lab_data/P06/P06_EEG_recon_2026-06-08_09h54.33.227.csv	92	1140	kayak	3.9873977999995986		1.5752522000011595	0.24976609999976063	5.834511099998963
P06	lab_data/P06/P06_EEG_recon_2026-06-08_09h54.33.227.csv	93	1059	zucchini	3.9586233999998512		1.6041949000000386	0.24931350000042585	6.141319199999998
P06	lab_data/P06/P06_EEG_recon_2026-06-08_09h54.33.227.csv	94	1040	panda	3.9837354000010237		1.9397484999999506	0.24995919999946636	5.880333099999916
P06	lab_data/P06/P06_EEG_recon_2026-06-08_09h54.33.227.csv	95	1061	taco	3.99229220000052	3.9953738000003796	1.653835699999945	0.2494098999995913	6.125422600000093
P06	lab_data/P06/P06_EEG_recon_2026-06-08_09h54.33.227.csv	96	1107	omelet	3.9505888000003324		1.8901521999996476	0.24943890000031388	6.191517100000965
P06	lab_data/P06/P06_EEG_recon_2026-06-08_09h54.33.227.csv	97	1086	pasta	3.911905699998897		1.9983231000005617	0.2495665000005829	6.088266400000066
P06	lab_data/P06/P06_EEG_recon_2026-06-08_09h54.33.227.csv	98	1010	pineapple	3.858232699999462		1.933728200000587	0.249034099999335	5.673939399998744
P06	lab_data/P06/P06_EEG_recon_2026-06-08_09h54.33.227.csv	99	1127	space_shuttle	3.982852800000728		1.5728394999987358	0.24950660000013158	5.82392450000043
P06	lab_data/P06/P06_EEG_recon_2026-06-08_09h54.33.227.csv	100	1155	kale	3.993415500000083		1.5985059000004185	0.2541828000003079	26.681162799999584
P06	lab_data/P06/P06_EEG_recon_2026-06-08_09h54.33.227.csv	101	1152	speedboat	3.9848752000007153		1.771270899999763	0.24957259999973758	6.087529000000359
P06	lab_data/P06/P06_EEG_recon_2026-06-08_09h54.33.227.csv	102	1008	keyboard	3.987474700000348	3.990073700000721	1.8600396999991062	0.249706900000092	6.117987700000413
P06	lab_data/P06/P06_EEG_recon_2026-06-08_09h54.33.227.csv	103	1042	eagle	3.9888845999994373	3.9914036000000124	1.8875291000003926	0.2483620000002702	6.1722188999992795
P06	lab_data/P06/P06_EEG_recon_2026-06-08_09h54.33.227.csv	104	1028	meatball	3.9613425000006828		1.9415242999994007	0.24963729999944917	6.015388100000564
P06	lab_data/P06/P06_EEG_recon_2026-06-08_09h54.33.227.csv	105	1062	antelope	3.994649700000082		1.811131999999816	0.24965549999978975	6.079971399999522
P06	lab_data/P06/P06_EEG_recon_2026-06-08_09h54.33.227.csv	106	1085	frog	3.9909684000003836		1.842340599999261	0.24964819999968313	6.023589600000378
P06	lab_data/P06/P06_EEG_recon_2026-06-08_09h54.33.227.csv	107	1074	cobra	3.9815301999997246		1.7895163000002867	0.24950540000099863	6.2143716000000495
P06	lab_data/P06/P06_EEG_recon_2026-06-08_09h54.33.227.csv	108	1103	blazer	3.975262599999951		1.9899310000000696	0.24957979999999225	6.213213500000165
P06	lab_data/P06/P06_EEG_recon_2026-06-08_09h54.33.227.csv	109	1017	carrot	3.984559999999874		1.9954115000000456	0.24969060000057652	5.828540799999246
P06	lab_data/P06/P06_EEG_recon_2026-06-08_09h54.33.227.csv	110	1126	helicopter	3.989154000000781		1.6011459999999715	0.24984719999974914	5.887140200000431
P06	lab_data/P06/P06_EEG_recon_2026-06-08_09h54.33.227.csv	111	1106	swordfish	3.9912514999996347		1.6550426000003426	0.24955360000058135	6.073997299999974
P06	lab_data/P06/P06_EEG_recon_2026-06-08_09h54.33.227.csv	112	1068	radio	3.92436699999962		1.8404465000003256	0.24920010000005277	5.693824599999971
P06	lab_data/P06/P06_EEG_recon_2026-06-08_09h54.33.227.csv	113	1100	champagne	3.9870554999997694		1.5270769999997356	0.2496478000002753	6.1651615000000675
P06	lab_data/P06/P06_EEG_recon_2026-06-08_09h54.33.227.csv	114	1084	cheetah	3.98877370000082		1.9349554999998873	0.24976969999897847	5.845888200000445
P06	lab_data/P06/P06_EEG_recon_2026-06-08_09h54.33.227.csv	115	1120	owl	3.9898608999992575	3.9915400999998383	1.6138976000002003	0.2499668999998903	6.1395769999999175
P06	lab_data/P06/P06_EEG_recon_2026-06-08_09h54.33.227.csv	116	1129	workbench	3.9756171999997605		1.9065887999995539	0.24946449999970355	6.05616849999933
P06	lab_data/P06/P06_EEG_recon_2026-06-08_09h54.33.227.csv	117	1053	reindeer	3.988959100000102	3.9915525999995225	1.8375292999999147	0.24950650000027963	5.954047100000025
P06	lab_data/P06/P06_EEG_recon_2026-06-08_09h54.33.227.csv	118	1039	sailboat	3.986398800000643	3.989328999999998	1.7226731000000655	0.2493375999993077	5.9583362000003035
P06	lab_data/P06/P06_EEG_recon_2026-06-08_09h54.33.227.csv	119	1111	creme_brulee	3.9857518000007985	3.990049099999851	1.7291808999998466	0.25003579999884096	5.884079499999643
P06	lab_data/P06/P06_EEG_recon_2026-06-08_09h54.33.227.csv	120	1012	burrito	3.970506999999998		1.6546715999993467	0.2572898000007626	22.022703000000547
P06	lab_data/P06/P06_EEG_recon_2026-06-08_09h54.33.227.csv	121	1067	taffy	3.982176999999865		1.7246758000001137	0.25003519999972923	5.994802299999719
P06	lab_data/P06/P06_EEG_recon_2026-06-08_09h54.33.227.csv	122	1084	cheetah	3.9876672999998846	3.9904882000000725	1.769510199999786	0.24948310000036145	5.736804799999845
P06	lab_data/P06/P06_EEG_recon_2026-06-08_09h54.33.227.csv	123	1082	necklace	3.9869618000002447	3.990243200000805	1.5065735999996832	0.24945490000027348	6.149377000000641
P06	lab_data/P06/P06_EEG_recon_2026-06-08_09h54.33.227.csv	124	1051	yacht	3.9901734999994005		1.9200393000000986	0.2497377999998207	5.823831499999869
P06	lab_data/P06/P06_EEG_recon_2026-06-08_09h54.33.227.csv	125	1091	kitten	3.9858752999998615	3.9898394000001645	1.5903157000002466	0.24954720000005182	5.963958499999535
P06	lab_data/P06/P06_EEG_recon_2026-06-08_09h54.33.227.csv	126	1081	police_car	3.987383200000295	3.990651899999648	1.7345538999998098	0.24968689999968774	6.2524498000002495
P06	lab_data/P06/P06_EEG_recon_2026-06-08_09h54.33.227.csv	127	1154	chandelier	3.8744446000000607		2.02214449999974	0.2489917000002606	6.100561700000071
P06	lab_data/P06/P06_EEG_recon_2026-06-08_09h54.33.227.csv	128	1087	bathrobe	3.9816149999996924		1.9841161000003922	0.2503821999998763	6.217708099999982
P06	lab_data/P06/P06_EEG_recon_2026-06-08_09h54.33.227.csv	129	1065	cabinet	3.993265999999494		1.9930137000001196	0.25009200000113196	5.748223500000677
P06	lab_data/P06/P06_EEG_recon_2026-06-08_09h54.33.227.csv	130	1114	spinach	3.9880916999991314	3.991516199999751	1.5119334000009985	0.2496738000008918	6.080632199998945
P06	lab_data/P06/P06_EEG_recon_2026-06-08_09h54.33.227.csv	131	1138	ping-pong_table	3.9907630000006975		1.849396199999319	0.24960679999912827	6.058745199999976
P06	lab_data/P06/P06_EEG_recon_2026-06-08_09h54.33.227.csv	132	1113	firetruck	3.9598008000002665		1.8251204999996844	0.24954650000017864	6.007601900000736
P06	lab_data/P06/P06_EEG_recon_2026-06-08_09h54.33.227.csv	133	1021	tea	3.987179999999171		1.8049521000002642	0.24970670000038808	5.7985947999995915
P06	lab_data/P06/P06_EEG_recon_2026-06-08_09h54.33.227.csv	134	1023	wolf	3.9868620999995983	3.9899604000002	1.568668500000058	0.24995870000111609	6.224705399999948
P06	lab_data/P06/P06_EEG_recon_2026-06-08_09h54.33.227.csv	135	1093	duckling	3.9914732999995977		1.9947073999992426	0.24989950000053796	5.874421499999698
P06	lab_data/P06/P06_EEG_recon_2026-06-08_09h54.33.227.csv	136	1146	cheesecake	3.9922802000000956		1.6401191999993898	0.24935660000028292	6.014083600000049
P06	lab_data/P06/P06_EEG_recon_2026-06-08_09h54.33.227.csv	137	1045	goose	3.9922418000005564	3.9949365000002217	1.778842099999565	0.2493638000005376	5.870115700000497
P06	lab_data/P06/P06_EEG_recon_2026-06-08_09h54.33.227.csv	138	1156	coconut	3.9484084999994593		1.6352335999999923	0.24924730000111595	5.7398576999994475
P06	lab_data/P06/P06_EEG_recon_2026-06-08_09h54.33.227.csv	139	1058	loveseat	3.986329700001079		1.5488400999993246	0.2497191999991628	5.9741732000011325
P06	lab_data/P06/P06_EEG_recon_2026-06-08_09h54.33.227.csv	140	1055	seagull	3.991121399999429		1.7450492000007216	0.25871790000019246	25.020866099998784
P06	lab_data/P06/P06_EEG_recon_2026-06-08_09h54.33.227.csv	141	1056	leggings	3.9845036000006075		1.5913570999991862	0.2493453999995836	5.8895314999999755
P06	lab_data/P06/P06_EEG_recon_2026-06-08_09h54.33.227.csv	142	1054	bathtub	3.990816200000154		1.6621415999998135	0.24989730000106647	6.184326200000214
P06	lab_data/P06/P06_EEG_recon_2026-06-08_09h54.33.227.csv	143	1034	bracelet1	3.98676179999984	3.9904705000008107	1.95127439999942	0.24988870000015595	6.19136410000101
P06	lab_data/P06/P06_EEG_recon_2026-06-08_09h54.33.227.csv	144	1003	shorts	3.9899908999996114		1.9614954000007856	0.24987659999987955	6.207075399998757
P06	lab_data/P06/P06_EEG_recon_2026-06-08_09h54.33.227.csv	145	1078	sea_urchin	3.9912844000000405	3.995274900000368	1.9742245999996157	0.24963340000067546	6.056862000001274
P06	lab_data/P06/P06_EEG_recon_2026-06-08_09h54.33.227.csv	146	1105	gorilla	3.9899299999988216		1.8226736000005985	0.2499126000011529	5.843651199998931
P06	lab_data/P06/P06_EEG_recon_2026-06-08_09h54.33.227.csv	147	1129	workbench	3.9869210000006206	3.9900367999998707	1.6106464999993477	0.24947069999961968	5.8989793000000645
P06	lab_data/P06/P06_EEG_recon_2026-06-08_09h54.33.227.csv	148	1088	slipper	3.990790500000003		1.669119000000137	0.24913530000048922	6.078254500000185
P06	lab_data/P06/P06_EEG_recon_2026-06-08_09h54.33.227.csv	149	1102	crab	3.9903962000007596		1.8449796000004426	0.24806959999932587	6.215939200000321
P06	lab_data/P06/P06_EEG_recon_2026-06-08_09h54.33.227.csv	150	1033	helmet	3.9884111000001212		1.9841420000002472	0.24961899999925663	6.127718299999287
P06	lab_data/P06/P06_EEG_recon_2026-06-08_09h54.33.227.csv	151	1141	peach	3.9582399999999325		1.896546999999373	0.24908850000065286	5.867749000000003
P06	lab_data/P06/P06_EEG_recon_2026-06-08_09h54.33.227.csv	152	1130	showerhead	3.9928827000003366		1.6673778999993374	0.24942320000081963	6.045165900000029
P06	lab_data/P06/P06_EEG_recon_2026-06-08_09h54.33.227.csv	153	1150	chick	3.9894582000006267	3.9920974000006026	1.809457199999997	0.24961570000050415	6.093173799999931
P06	lab_data/P06/P06_EEG_recon_2026-06-08_09h54.33.227.csv	154	1145	rocking_chair	3.986544300000787	3.989369599999918	1.8605825999993613	0.24978319999991072	6.063809900000706
P06	lab_data/P06/P06_EEG_recon_2026-06-08_09h54.33.227.csv	155	1094	onion	3.9920698999994784		1.8344082000003255	0.249623600000632	6.228666699999849
P06	lab_data/P06/P06_EEG_recon_2026-06-08_09h54.33.227.csv	156	1153	donut	3.9859255000001212	3.9891361999989385	1.9935768000004828	0.24940549999973882	5.865798099999665
P06	lab_data/P06/P06_EEG_recon_2026-06-08_09h54.33.227.csv	157	1027	memory_stick	3.9673121000005267		1.6370016999990185	0.24960960000043997	6.171272700000372
P06	lab_data/P06/P06_EEG_recon_2026-06-08_09h54.33.227.csv	158	1014	shark	3.9901773000001413	3.992019100000107	1.9608250999999655	0.2497785000005024	6.122427600000265
P06	lab_data/P06/P06_EEG_recon_2026-06-08_09h54.33.227.csv	159	1025	llama	3.9860595999998623		1.889060800000152	0.24966739999945275	6.053167199999734
P06	lab_data/P06/P06_EEG_recon_2026-06-08_09h54.33.227.csv	160	1148	broccoli	3.988633299999492		1.824467999999797	0.2632424000003084	25.07863290000023
P06	lab_data/P06/P06_EEG_recon_2026-06-08_09h54.33.227.csv	161	1147	lemonade	3.9865538000003653	3.989434099999926	1.6783902000006492	0.24948889999905077	5.995243200000004
P06	lab_data/P06/P06_EEG_recon_2026-06-08_09h54.33.227.csv	162	1083	shirt	3.9843404999992345		1.7658800000008341	0.24965940000038245	6.21168359999956
P06	lab_data/P06/P06_EEG_recon_2026-06-08_09h54.33.227.csv	163	1041	octopus	3.9118627999996534		1.9844983000002685	0.24929599999995844	5.756967399999667
P06	lab_data/P06/P06_EEG_recon_2026-06-08_09h54.33.227.csv	164	1018	coffee	3.994578100000581		1.6022018999992724	0.24987069999951927	5.89227000000119
P06	lab_data/P06/P06_EEG_recon_2026-06-08_09h54.33.227.csv	165	1136	snake	3.9916695999991134		1.6544043000012607	0.2493028000008053	5.885017499998867
P06	lab_data/P06/P06_EEG_recon_2026-06-08_09h54.33.227.csv	166	1044	raccoon	3.988642400000572	3.9917451999999685	1.6505398999988756	0.24938459999975748	6.032196900000599
P06	lab_data/P06/P06_EEG_recon_2026-06-08_09h54.33.227.csv	167	1027	memory_stick	3.9705042999994475		1.8005800999999337	0.2494168000002901	5.802579400000468
P06	lab_data/P06/P06_EEG_recon_2026-06-08_09h54.33.227.csv	168	1128	toad	3.9869770999994216		1.5896546000003582	0.24981060000027355	6.082081999998991
P06	lab_data/P06/P06_EEG_recon_2026-06-08_09h54.33.227.csv	169	1043	ostrich	3.988168300000325		1.8523535999993328	0.24993840000024647	5.993680700000368
P06	lab_data/P06/P06_EEG_recon_2026-06-08_09h54.33.227.csv	170	1099	tricycle	3.9600515000001906		1.7624312999996619	0.24942060000012134	5.747984699999506
P06	lab_data/P06/P06_EEG_recon_2026-06-08_09h54.33.227.csv	171	1117	hamster	3.9895195000008243	3.9898632999993424	1.545069599999806	0.24923589999980322	5.795208900000034
P06	lab_data/P06/P06_EEG_recon_2026-06-08_09h54.33.227.csv	172	1030	puffin	3.9863580000001093	3.9888858999993317	1.5625548999996681	0.24964540000019042	6.035732199999984
P06	lab_data/P06/P06_EEG_recon_2026-06-08_09h54.33.227.csv	173	1080	camcorder	3.985333999999966		1.806494699999348	0.24949990000004618	5.992039700000532
P06	lab_data/P06/P06_EEG_recon_2026-06-08_09h54.33.227.csv	174	1070	dragonfly	3.9866020999998		1.7636516000002302	0.2495995999997831	5.937460099999953
P06	lab_data/P06/P06_EEG_recon_2026-06-08_09h54.33.227.csv	175	1007	mirror	3.9725962000002255		1.7083251000003656	0.24962190000042028	5.822522100000242
P06	lab_data/P06/P06_EEG_recon_2026-06-08_09h54.33.227.csv	176	1059	zucchini	3.962513499999659		1.606783500000347	0.2494550999999774	5.921226000000388
P06	lab_data/P06/P06_EEG_recon_2026-06-08_09h54.33.227.csv	177	1158	bulldozer	3.985763399999996		1.7155677000009746	0.2498132999990048	6.198705799999516
P06	lab_data/P06/P06_EEG_recon_2026-06-08_09h54.33.227.csv	178	1051	yacht	3.9886372999999367	3.991253600001073	1.9698475000004692	0.24961889999940468	6.097871099999793
P06	lab_data/P06/P06_EEG_recon_2026-06-08_09h54.33.227.csv	179	1076	groundhog	3.987510199999633	3.9908400000003894	1.8663638999996692	0.24980839999989257	6.127998199999638
P06	lab_data/P06/P06_EEG_recon_2026-06-08_09h54.33.227.csv	180	1122	webcam	3.9850042000007306		1.897146999999677	0.25356230000033975	26.209639300001072
P06	lab_data/P06/P06_EEG_recon_2026-06-08_09h54.33.227.csv	181	1052	wallpaper	3.9908489999988888		1.7505858000004082	0.2493956000007529	5.936537899999166
P06	lab_data/P06/P06_EEG_recon_2026-06-08_09h54.33.227.csv	182	1142	piglet	3.9918752000003224		1.7037928999998257	0.2495254000004934	6.056768000000375
P06	lab_data/P06/P06_EEG_recon_2026-06-08_09h54.33.227.csv	183	1064	fly	3.990222299999914	3.994218799999544	1.8218526999999085	0.24932319999970787	5.917155399999501
P06	lab_data/P06/P06_EEG_recon_2026-06-08_09h54.33.227.csv	184	1060	squirrel	3.9903883000006317	3.9920874999988882	1.683913400000165	0.2489780999994764	6.153667600000517
P06	lab_data/P06/P06_EEG_recon_2026-06-08_09h54.33.227.csv	185	1048	sombrero	3.989285199999358		1.92064930000015	0.24947400000110065	6.007741699999315
P06	lab_data/P06/P06_EEG_recon_2026-06-08_09h54.33.227.csv	186	1009	papaya	3.988544400000137		1.7756994999999733	0.24958080000033078	6.238550400000349
P06	lab_data/P06/P06_EEG_recon_2026-06-08_09h54.33.227.csv	187	1072	blackberry	3.993061199999829		2.0071422999999413	0.2495822999999291	6.000001399999746
P06	lab_data/P06/P06_EEG_recon_2026-06-08_09h54.33.227.csv	188	1089	unicycle	3.986073099999885		1.7638710000001083	0.24967730000116717	5.781064300000253
P06	lab_data/P06/P06_EEG_recon_2026-06-08_09h54.33.227.csv	189	1075	filing_cabinet	3.989772500000072		1.5519299999996292	0.24961849999999686	5.875271199999588
P06	lab_data/P06/P06_EEG_recon_2026-06-08_09h54.33.227.csv	190	1029	sheep	3.9826496000005136		1.642664899999545	0.24960860000010143	5.786769199999981
P06	lab_data/P06/P06_EEG_recon_2026-06-08_09h54.33.227.csv	191	1069	rollerblade	3.98080470000059		1.5614522999994733	0.249362900000051	6.093442100000175
P06	lab_data/P06/P06_EEG_recon_2026-06-08_09h54.33.227.csv	192	1126	helicopter	3.99129129999983		1.8699960999992982	0.2503057000003537	5.787270900000294
P06	lab_data/P06/P06_EEG_recon_2026-06-08_09h54.33.227.csv	193	1019	videocassette	3.981645699999717		1.5528819999999541	0.24985629999991943	6.228683100000126
P06	lab_data/P06/P06_EEG_recon_2026-06-08_09h54.33.227.csv	194	1005	ottoman	3.98237539999991		2.003801100000601	0.24958760000026814	6.2091788999996425
P06	lab_data/P06/P06_EEG_recon_2026-06-08_09h54.33.227.csv	195	1116	praying_mantis	3.98857659999976		1.983760600000096	0.24962830000004033	6.057599800000389
P06	lab_data/P06/P06_EEG_recon_2026-06-08_09h54.33.227.csv	196	1022	shoe	3.979640699999436		1.8262194999997519	0.24943490000077873	6.2138730000006035
P06	lab_data/P06/P06_EEG_recon_2026-06-08_09h54.33.227.csv	197	1066	giraffe	3.9809450999991896		1.9913931000010052	0.2497229000000516	6.06325139999899
P06	lab_data/P06/P06_EEG_recon_2026-06-08_09h54.33.227.csv	198	1004	dalmatian	3.987377899999956	3.989685800001098	1.8393980999990163	0.2495361999999659	5.830061900000146
P06	lab_data/P06/P06_EEG_recon_2026-06-08_09h54.33.227.csv	199	1157	barnacle	3.9352875000004133		1.6000799000003099	0.24927759999991395	6.120817199999692
P06	lab_data/P06/P06_EEG_recon_2026-06-08_09h54.33.227.csv	200	1024	lab_coat	3.9811188000003312		1.9430372999995598	0.26185350000014296	
P07	lab_data/P07/P07_EEG_recon_2026-06-08_13h33.20.214.csv	201	1096	beaver	3.9896172000012484		1.7784588999984408	0.24838210000007166	6.242229800000132
P07	lab_data/P07/P07_EEG_recon_2026-06-08_13h33.20.214.csv	202	1124	nightshirt	3.96163340000021		2.0110172999989118	0.24967560000004596	5.902376300000469
P07	lab_data/P07/P07_EEG_recon_2026-06-08_13h33.20.214.csv	203	1006	cardinal	3.9825877000002947		1.6979267000006075	0.24994990000050166	5.8791275000003225
P07	lab_data/P07/P07_EEG_recon_2026-06-08_13h33.20.214.csv	204	1071	mongoose	3.985750600000756	3.98953789999905	1.6535328999993908	0.2496871999992436	6.005949700000656
P07	lab_data/P07/P07_EEG_recon_2026-06-08_13h33.20.214.csv	205	1077	bison	3.98695269999871		1.777462700000342	0.24935050000021874	5.793487399999776
P07	lab_data/P07/P07_EEG_recon_2026-06-08_13h33.20.214.csv	206	1159	pear	3.991682899999887	3.99424209999961	1.5637994999997318	0.24974579999934576	6.184420500000215
P07	lab_data/P07/P07_EEG_recon_2026-06-08_13h33.20.214.csv	207	1062	antelope	3.9881453999996666	3.9910653000006278	1.9499423000002025	0.24963719999914247	5.7800628999989385
P07	lab_data/P07/P07_EEG_recon_2026-06-08_13h33.20.214.csv	208	1145	rocking_chair	3.985538799999631	3.9892649999997047	1.549417000000176	0.24994250000054308	5.803001500000391
P07	lab_data/P07/P07_EEG_recon_2026-06-08_13h33.20.214.csv	209	1015	moose	3.9399505000005774		1.5743757000000187	0.24918040000011388	5.847633699999278
P07	lab_data/P07/P07_EEG_recon_2026-06-08_13h33.20.214.csv	210	1092	bunkbed	3.9809298000000126		1.6647493999985272	0.24959649999982503	6.037809200001448
P07	lab_data/P07/P07_EEG_recon_2026-06-08_13h33.20.214.csv	211	1001	limousine	3.991795800000091	3.9946294000001217	1.8133087000010164	0.24976229999992938	5.742150999999922
P07	lab_data/P07/P07_EEG_recon_2026-06-08_13h33.20.214.csv	212	1160	clam	3.985857199999373	3.9898453999990124	1.5074827000003097	0.24990009999964968	5.9503258999993704
P07	lab_data/P07/P07_EEG_recon_2026-06-08_13h33.20.214.csv	213	1020	television	3.9801630999991175		1.7216581999996379	0.24942850000161343	6.130229200000031
P07	lab_data/P07/P07_EEG_recon_2026-06-08_13h33.20.214.csv	214	1104	speaker	3.9885409000003165	3.990626199999042	1.907371699999203	0.2497363000002224	6.347662200000286
P07	lab_data/P07/P07_EEG_recon_2026-06-08_13h33.20.214.csv	215	1134	sleeping_bag	3.767095499998959		2.116241500000342	0.2485610000003362	5.667540099998405
P07	lab_data/P07/P07_EEG_recon_2026-06-08_13h33.20.214.csv	216	1147	lemonade	3.932078600001205		1.6586793999990732	0.24940590000005614	6.271924600001967
P07	lab_data/P07/P07_EEG_recon_2026-06-08_13h33.20.214.csv	217	1121	sunglasses	3.785692800000106		2.097229100001641	0.24874859999954424	5.833657599998332
P07	lab_data/P07/P07_EEG_recon_2026-06-08_13h33.20.214.csv	218	1035	lizard	3.986020300000746		1.8056836999985535	0.24947290000091016	5.80762980000145
P07	lab_data/P07/P07_EEG_recon_2026-06-08_13h33.20.214.csv	219	1052	wallpaper	3.9913265999998657		1.5785370000012335	0.25012889999970866	5.961479399999007
P07	lab_data/P07/P07_EEG_recon_2026-06-08_13h33.20.214.csv	220	1132	polar_bear	3.987845200001175	3.9907090000001517	1.7273649999988265	0.2613606999984768	32.76658959999986
P07	lab_data/P07/P07_EEG_recon_2026-06-08_13h33.20.214.csv	221	1071	mongoose	3.9923364000010224	3.99540449999904	1.838628199998766	0.24964130000034856	5.808558300001096
P07	lab_data/P07/P07_EEG_recon_2026-06-08_13h33.20.214.csv	222	1150	chick	3.989378999998735	3.991559199999756	1.573724299999867	0.24947830000019167	6.3028400000002875
P07	lab_data/P07/P07_EEG_recon_2026-06-08_13h33.20.214.csv	223	1134	sleeping_bag	3.839961099998618		2.0705643000001146	0.24921490000133417	5.81016819999968
P07	lab_data/P07/P07_EEG_recon_2026-06-08_13h33.20.214.csv	224	1053	reindeer	3.988404099998661		1.7280915999999706	0.24857340000016848	6.205790700000307
P07	lab_data/P07/P07_EEG_recon_2026-06-08_13h33.20.214.csv	225	1060	squirrel	3.9900254999988647	3.991165199999159	1.975825200001509	0.24941070000068066	6.129013199999008
P07	lab_data/P07/P07_EEG_recon_2026-06-08_13h33.20.214.csv	226	1001	limousine	3.986257399999886	3.989449000001059	1.8958249000006617	0.24960339999961434	6.003662799999802
P07	lab_data/P07/P07_EEG_recon_2026-06-08_13h33.20.214.csv	227	1115	marshmallow	3.9894689000011567		1.7743525999994745	0.24989849999838043	6.141418299999714
P07	lab_data/P07/P07_EEG_recon_2026-06-08_13h33.20.214.csv	228	1159	pear	3.9871692000015173	3.989302099998895	1.9089227999988907	0.24935319999895	6.02988379999988
P07	lab_data/P07/P07_EEG_recon_2026-06-08_13h33.20.214.csv	229	1012	burrito	3.970934800001487		1.800312599998506	0.24966700000004494	6.074132600000667
P07	lab_data/P07/P07_EEG_recon_2026-06-08_13h33.20.214.csv	230	1036	ladybug	3.9943249999996624		1.8599787999992259	0.24950400000125228	5.896410100000139
P07	lab_data/P07/P07_EEG_recon_2026-06-08_13h33.20.214.csv	231	1045	goose	3.9866514000004827	3.9904736999997112	1.6592884000001504	0.24966229999881762	5.82408790000045
P07	lab_data/P07/P07_EEG_recon_2026-06-08_13h33.20.214.csv	232	1095	mouse2	3.9890154999993683	3.991745200000878	1.5944923000006384	0.24961219999931927	5.889719499999046
P07	lab_data/P07/P07_EEG_recon_2026-06-08_13h33.20.214.csv	233	1144	tarantula	3.9881354999993164	3.9917850999995608	1.6577424999991308	0.24961940000184768	5.738218500000585
P07	lab_data/P07/P07_EEG_recon_2026-06-08_13h33.20.214.csv	234	1057	eggnog	3.9860394000006636	3.989502500000526	1.5068848999999318	0.24962090000008175	6.115442500000427
P07	lab_data/P07/P07_EEG_recon_2026-06-08_13h33.20.214.csv	235	1112	hard_disk	3.989105099999506	3.9916632999988906	1.8868395000008604	0.24905849999959173	6.187645500000144
P07	lab_data/P07/P07_EEG_recon_2026-06-08_13h33.20.214.csv	236	1108	possum	3.9887084999991202	3.992573799998354	1.9563503000008495	0.24965180000071996	6.092370299998947
P07	lab_data/P07/P07_EEG_recon_2026-06-08_13h33.20.214.csv	237	1160	clam	3.9866261999995913	3.9898635999998078	1.860739699999158	0.24967230000038398	5.889204099999915
P07	lab_data/P07/P07_EEG_recon_2026-06-08_13h33.20.214.csv	238	1031	fish	3.993236899999829		1.6592079000001831	0.2495557000002009	5.937784499999907
P07	lab_data/P07/P07_EEG_recon_2026-06-08_13h33.20.214.csv	239	1016	ant	3.9862110000012763	3.989168099999006	1.7017390999985764	0.24954669999897305	5.936631799999304
P07	lab_data/P07/P07_EEG_recon_2026-06-08_13h33.20.214.csv	240	1118	candy_bar	3.986775100001978		1.7076506999978847	0.2675623000000087	25.77623610000228
P07	lab_data/P07/P07_EEG_recon_2026-06-08_13h33.20.214.csv	241	1050	artichoke	3.988811399998667	3.991368999999395	1.523565300001792	0.2495085000009567	5.960333099999843
P07	lab_data/P07/P07_EEG_recon_2026-06-08_13h33.20.214.csv	242	1157	barnacle	3.92443799999819		1.7288688000007824	0.2496346000007179	5.96530329999996
P07	lab_data/P07/P07_EEG_recon_2026-06-08_13h33.20.214.csv	243	1098	stool	3.993902599998819		1.7981196000000637	0.24967060000199126	5.963454799998999
P07	lab_data/P07/P07_EEG_recon_2026-06-08_13h33.20.214.csv	244	1073	bull	3.988301599998522	3.99177299999792	1.7269766999997955	0.2496902000020782	5.871062999998685
P07	lab_data/P07/P07_EEG_recon_2026-06-08_13h33.20.214.csv	245	1020	television	3.98583150000195		1.6397735999998986	0.24930429999994885	6.116683500000363
P07	lab_data/P07/P07_EEG_recon_2026-06-08_13h33.20.214.csv	246	1151	tractor	3.9939817000013136		1.8881352999997034	0.2497624999996333	6.124749900001916
P07	lab_data/P07/P07_EEG_recon_2026-06-08_13h33.20.214.csv	247	1119	star_fruit	3.9875432000008004	3.9907353000016883	1.887850499999331	0.24928219999856083	6.181047999998555
P07	lab_data/P07/P07_EEG_recon_2026-06-08_13h33.20.214.csv	248	1011	raspberry	3.9872565000005125	3.9902246999990894	1.950989999997546	0.248940000001312	6.15740519999963
P07	lab_data/P07/P07_EEG_recon_2026-06-08_13h33.20.214.csv	249	1137	lamb	3.9890388999992865	3.9918800000018564	1.9277419999998529	0.24976990000141086	5.95773230000168
P07	lab_data/P07/P07_EEG_recon_2026-06-08_13h33.20.214.csv	250	1104	speaker	3.9898342000010416	3.9917986000000383	1.725575699998899	0.24974269999802345	5.912327699999423
P07	lab_data/P07/P07_EEG_recon_2026-06-08_13h33.20.214.csv	251	1110	jet	3.9873675999988336	3.991342400000576	1.6798812999986694	0.24943270000221673	5.819190099999105
P07	lab_data/P07/P07_EEG_recon_2026-06-08_13h33.20.214.csv	252	1144	tarantula	3.9884583999992174	3.9903177999990476	1.5887569999977131	0.2490856000003987	5.827074400000129
P07	lab_data/P07/P07_EEG_recon_2026-06-08_13h33.20.214.csv	253	1006	cardinal	3.9865046000013535	3.989797099999123	1.5966293999986192	0.24952069999972082	5.826283200000034
P07	lab_data/P07/P07_EEG_recon_2026-06-08_13h33.20.214.csv	254	1097	sandwich	3.9868372999990243	3.989815299999009	1.5967070999977295	0.2497311000006448	5.9097652999989805
P07	lab_data/P07/P07_EEG_recon_2026-06-08_13h33.20.214.csv	255	1090	garlic	3.98715680000214	3.9902297999979055	1.679946899999777	0.24936339999794654	6.147468300001492
P07	lab_data/P07/P07_EEG_recon_2026-06-08_13h33.20.214.csv	256	1101	boat	3.9856762000017625		1.917516000001342	0.24935489999916172	5.769164199999068
P07	lab_data/P07/P07_EEG_recon_2026-06-08_13h33.20.214.csv	257	1132	polar_bear	3.987017700001161	3.9891494999974384	1.540298599997186	0.24957789999825764	6.181492900002922
P07	lab_data/P07/P07_EEG_recon_2026-06-08_13h33.20.214.csv	258	1047	drawer	3.92395249999754		1.9517222000031325	0.24909180000031483	5.8096217999991495
P07	lab_data/P07/P07_EEG_recon_2026-06-08_13h33.20.214.csv	259	1026	asparagus	3.899367300000449		1.6432330999996339	0.24912140000014915	5.939311699999962
P07	lab_data/P07/P07_EEG_recon_2026-06-08_13h33.20.214.csv	260	1046	tiramisu	3.987016799997946		1.7976065000002563	0.2602396000002045	32.73694969999951
P07	lab_data/P07/P07_EEG_recon_2026-06-08_13h33.20.214.csv	261	1110	jet	3.986885099999654	3.991382199998043	1.665187900001456	0.24942440000086208	5.839692700000342
P07	lab_data/P07/P07_EEG_recon_2026-06-08_13h33.20.214.csv	262	1149	mole	3.987361700000747	3.9905571000017517	1.609861400000682	0.24952179999672808	6.208243099997617
P07	lab_data/P07/P07_EEG_recon_2026-06-08_13h33.20.214.csv	263	1023	wolf	3.987553000002663	3.9905861000006553	1.9781622999976207	0.2494752999996308	5.749981300003128
P07	lab_data/P07/P07_EEG_recon_2026-06-08_13h33.20.214.csv	264	1125	sundae	3.9875149999970745	3.990127200002462	1.5199725000020408	0.24952910000183692	5.818622399998276
P07	lab_data/P07/P07_EEG_recon_2026-06-08_13h33.20.214.csv	265	1037	steamroller	3.988530099999025	3.9912805999992997	1.5878749000003154	0.24925480000183597	6.130566799998633
P07	lab_data/P07/P07_EEG_recon_2026-06-08_13h33.20.214.csv	266	1120	owl	3.9899003999998968	3.9921496000019943	1.8994276999983413	0.2493525000027148	6.053027500002372
P07	lab_data/P07/P07_EEG_recon_2026-06-08_13h33.20.214.csv	267	1015	moose	3.964515399998618		1.820080699999835	0.2495264999997744	6.4649022999979024
P07	lab_data/P07/P07_EEG_recon_2026-06-08_13h33.20.214.csv	268	1121	sunglasses	3.6950345000004745		2.2576589999989665	0.2485923999993247	5.564712800001871
P07	lab_data/P07/P07_EEG_recon_2026-06-08_13h33.20.214.csv	269	1049	rat	3.9835046000007424		1.6277102000021841	0.24978679999912856	5.776805299999978
P07	lab_data/P07/P07_EEG_recon_2026-06-08_13h33.20.214.csv	270	1032	pants	3.9916840999976557		1.55050680000204	0.24957310000218058	6.045020699999895
P07	lab_data/P07/P07_EEG_recon_2026-06-08_13h33.20.214.csv	271	1063	car	3.988130299999739	3.9911352999988594	1.8105972000016664	0.2494617999982438	6.138430399998015
P07	lab_data/P07/P07_EEG_recon_2026-06-08_13h33.20.214.csv	272	1118	candy_bar	3.9886756000018977		1.9078254999985802	0.24968630000103076	5.78286140000273
P07	lab_data/P07/P07_EEG_recon_2026-06-08_13h33.20.214.csv	273	1092	bunkbed	3.990746699997544		1.5514217000018107	0.24952780000239727	5.8922798999992665
P07	lab_data/P07/P07_EEG_recon_2026-06-08_13h33.20.214.csv	274	1038	cupcake	3.945622600000206		1.659082900001522	0.24956630000087898	6.093302400000539
P07	lab_data/P07/P07_EEG_recon_2026-06-08_13h33.20.214.csv	275	1061	taco	3.9911504999981844		1.9048447000022861	0.249904799999058	5.934780299998238
P07	lab_data/P07/P07_EEG_recon_2026-06-08_13h33.20.214.csv	276	1130	showerhead	3.9867788000015025	3.9903055999998287	1.7009049999978743	0.2499998999987838	5.867602300001181
P07	lab_data/P07/P07_EEG_recon_2026-06-08_13h33.20.214.csv	277	1143	mango	3.9874463999981344		1.637860700001056	0.24907100000200444	6.15966829999843
P07	lab_data/P07/P07_EEG_recon_2026-06-08_13h33.20.214.csv	278	1123	sorbet	3.9943324000018947		1.9293813000003865	0.24995860000080938	6.097039100000984
P07	lab_data/P07/P07_EEG_recon_2026-06-08_13h33.20.214.csv	279	1013	banana	3.9875494000007166	3.9910116999999445	1.8598066000013205	0.2498977999998715	5.737935199998901
P07	lab_data/P07/P07_EEG_recon_2026-06-08_13h33.20.214.csv	280	1139	earwig	3.9929387000011047		1.5071119999993243	0.27824820000023465	29.464714699999604
P07	lab_data/P07/P07_EEG_recon_2026-06-08_13h33.20.214.csv	281	1079	puppy	3.9866062000000966	3.989699699999619	1.4984973999999056	0.24994720000222514	6.111140700002579
P07	lab_data/P07/P07_EEG_recon_2026-06-08_13h33.20.214.csv	282	1082	necklace	3.9867139999987558	3.989622599998256	1.8813378000013472	0.24937789999967208	5.908481499998743
P07	lab_data/P07/P07_EEG_recon_2026-06-08_13h33.20.214.csv	283	1131	eel	3.9879089999994903	3.9911910999981046	1.6786839999986114	0.2496396000024106	5.967318200001046
P07	lab_data/P07/P07_EEG_recon_2026-06-08_13h33.20.214.csv	284	1143	mango	3.986058200000116		1.7366397000009783	0.2497736000000259	6.171947499998623
P07	lab_data/P07/P07_EEG_recon_2026-06-08_13h33.20.214.csv	285	1109	wasp	3.980509400000301		1.9432563000009395	0.2497183000014047	5.777113300002384
P07	lab_data/P07/P07_EEG_recon_2026-06-08_13h33.20.214.csv	286	1046	tiramisu	3.9882651999978407	3.989964399999735	1.553399200001877	0.24962760000198614	6.117902199999662
P07	lab_data/P07/P07_EEG_recon_2026-06-08_13h33.20.214.csv	287	1133	cockatoo	3.9885173000002396	3.9914590000007593	1.88673209999979	0.2495466000000306	5.891455900000437
P07	lab_data/P07/P07_EEG_recon_2026-06-08_13h33.20.214.csv	288	1002	pea	3.9859721999964677	3.988934600001812	1.6598398000023735	0.2495604000032472	5.9811075999969034
P07	lab_data/P07/P07_EEG_recon_2026-06-08_13h33.20.214.csv	289	1135	pony	3.9911884000030113		1.7521888999981456	0.24920219999694382	6.058257000000594
P07	lab_data/P07/P07_EEG_recon_2026-06-08_13h33.20.214.csv	290	1125	sundae	3.9884110999992117	3.991340200002014	1.8243799999982002	0.24964940000063507	5.83418950000123
P07	lab_data/P07/P07_EEG_recon_2026-06-08_13h33.20.214.csv	291	1124	nightshirt	3.980860200001189		1.60295970000152	0.2493027999989863	5.793725500000164
P07	lab_data/P07/P07_EEG_recon_2026-06-08_13h33.20.214.csv	292	1140	kayak	3.9925308999986555		1.5704680999992888	0.24952920000214363	5.833291200000076
P07	lab_data/P07/P07_EEG_recon_2026-06-08_13h33.20.214.csv	293	1059	zucchini	3.964801999998599		1.597848900000372	0.24952209999901243	6.1427331999984744
P07	lab_data/P07/P07_EEG_recon_2026-06-08_13h33.20.214.csv	294	1040	panda	3.9885609000011755		1.9350904999992053	0.24986960000023828	5.883527300000424
P07	lab_data/P07/P07_EEG_recon_2026-06-08_13h33.20.214.csv	295	1061	taco	3.9872610999991593	3.990579000001617	1.651628499999788	0.24961050000274554	6.117624499998783
P07	lab_data/P07/P07_EEG_recon_2026-06-08_13h33.20.214.csv	296	1107	omelet	3.953536200001963		1.887245499997789	0.2490535000001728	6.22657270000127
P07	lab_data/P07/P07_EEG_recon_2026-06-08_13h33.20.214.csv	297	1086	pasta	3.8796103999993647		2.030730099998891	0.24920380000185105	6.133051400000113
P07	lab_data/P07/P07_EEG_recon_2026-06-08_13h33.20.214.csv	298	1010	pineapple	3.7813917999992555		2.011022499998944	0.2490447000018321	5.596213400000579
P07	lab_data/P07/P07_EEG_recon_2026-06-08_13h33.20.214.csv	299	1127	space_shuttle	3.9830485999987104		1.5723269000013715	0.24965870000232826	5.821594900000036
P07	lab_data/P07/P07_EEG_recon_2026-06-08_13h33.20.214.csv	300	1155	kale	3.98794529999941	3.9914048999999068	1.5954682000010507	0.25735899999926914	23.90364660000023
P07	lab_data/P07/P07_EEG_recon_2026-06-08_13h33.20.214.csv	301	1152	speedboat	3.98717920000081		1.7743913000017528	0.24934359999679145	6.088086499999463
P07	lab_data/P07/P07_EEG_recon_2026-06-08_13h33.20.214.csv	302	1008	keyboard	3.98983059999955	3.991119600003003	1.8576978000019153	0.2494875000011234	6.11795169999823
P07	lab_data/P07/P07_EEG_recon_2026-06-08_13h33.20.214.csv	303	1042	eagle	3.9896039000013843	3.992405500001041	1.8852798999978404	0.24996589999864227	6.166501300002437
P07	lab_data/P07/P07_EEG_recon_2026-06-08_13h33.20.214.csv	304	1028	meatball	3.9763850999984243		1.9342216000004555	0.24928060000092955	6.03070759999855
P07	lab_data/P07/P07_EEG_recon_2026-06-08_13h33.20.214.csv	305	1062	antelope	3.994355499999074	3.994090799998503	1.8115751999976055	0.24953760000062175	6.074689400000352
P07	lab_data/P07/P07_EEG_recon_2026-06-08_13h33.20.214.csv	306	1085	frog	3.989083299999038	3.99208279999948	1.83762360000037	0.24928490000093007	6.015140999999858
P07	lab_data/P07/P07_EEG_recon_2026-06-08_13h33.20.214.csv	307	1074	cobra	3.9876618000016606	3.9908084999983657	1.7830772999991495	0.24957349999749567	6.212196700002096
P07	lab_data/P07/P07_EEG_recon_2026-06-08_13h33.20.214.csv	308	1103	blazer	3.9840035999991414		1.9817696000027354	0.24939910000057353	6.222303899998678
P07	lab_data/P07/P07_EEG_recon_2026-06-08_13h33.20.214.csv	309	1017	carrot	3.990900899999815		1.9955249999989064	0.24921579999863752	5.832451099998707
P07	lab_data/P07/P07_EEG_recon_2026-06-08_13h33.20.214.csv	310	1126	helicopter	3.9917215000023134		1.598801199997979	0.24957069999800297	5.886643100002402
P07	lab_data/P07/P07_EEG_recon_2026-06-08_13h33.20.214.csv	311	1106	swordfish	3.9871449999991455	3.98909809999941	1.652157399999851	0.24959219999800553	6.078413600000204
P07	lab_data/P07/P07_EEG_recon_2026-06-08_13h33.20.214.csv	312	1068	radio	3.915979800000059		1.8485185000026831	0.2490046999992046	5.6818615999982285
P07	lab_data/P07/P07_EEG_recon_2026-06-08_13h33.20.214.csv	313	1100	champagne	3.9904029999997874		1.5237519000002067	0.249897800000781	6.162583799999993
P07	lab_data/P07/P07_EEG_recon_2026-06-08_13h33.20.214.csv	314	1084	cheetah	3.98776110000108	3.991944099997909	1.9291083999992225	0.24967909999759286	5.845160400000168
P07	lab_data/P07/P07_EEG_recon_2026-06-08_13h33.20.214.csv	315	1120	owl	3.9896116999989317	3.991618499996548	1.6140914999996312	0.24974900000233902	6.122267399998236
P07	lab_data/P07/P07_EEG_recon_2026-06-08_13h33.20.214.csv	316	1129	workbench	3.9925347000025795	3.995217200000752	1.889659299999039	0.24977859999853536	6.0734827000014775
P07	lab_data/P07/P07_EEG_recon_2026-06-08_13h33.20.214.csv	317	1053	reindeer	3.9888375000009546	3.991591599999083	1.8379899999999907	0.24940860000060638	5.953831499999069
P07	lab_data/P07/P07_EEG_recon_2026-06-08_13h33.20.214.csv	318	1039	sailboat	3.98619840000174	3.9895603000004485	1.7223577999975532	0.24966950000089128	5.953176400002121
P07	lab_data/P07/P07_EEG_recon_2026-06-08_13h33.20.214.csv	319	1111	creme_brulee	3.9913078999998106		1.723997100001725	0.24964159999990443	5.892701400000078
P07	lab_data/P07/P07_EEG_recon_2026-06-08_13h33.20.214.csv	320	1012	burrito	3.9668878999978006		1.6584313999992446	0.34062479999965944	24.355229199998575
P07	lab_data/P07/P07_EEG_recon_2026-06-08_13h33.20.214.csv	321	1067	taffy	3.9871208000004117		1.7207219999982044	0.24913609999930486	5.999145900001167
P07	lab_data/P07/P07_EEG_recon_2026-06-08_13h33.20.214.csv	322	1084	cheetah	3.987682399998448	3.9902273999978206	1.769702600002347	0.24989230000210227	5.73773589999837
P07	lab_data/P07/P07_EEG_recon_2026-06-08_13h33.20.214.csv	323	1082	necklace	3.986267600001611	3.9888523000013265	1.5070161000003282	0.24928099999988262	6.1434378000017205
P07	lab_data/P07/P07_EEG_recon_2026-06-08_13h33.20.214.csv	324	1051	yacht	3.988347399997565	3.9918300000026647	1.914776300000085	0.24976090000200202	5.819904100000258
P07	lab_data/P07/P07_EEG_recon_2026-06-08_13h33.20.214.csv	325	1091	kitten	3.988355800000136	3.9914043999997375	1.5883305999996082	0.24946409999756725	5.9707132000003185
P07	lab_data/P07/P07_EEG_recon_2026-06-08_13h33.20.214.csv	326	1081	police_car	3.9894879999992554	3.991504300000088	1.7395530000030703	0.24977880000005825	6.275978099998611
P07	lab_data/P07/P07_EEG_recon_2026-06-08_13h33.20.214.csv	327	1154	chandelier	3.8527931999997236		2.043981300001178	0.24943980000170995	6.076617599999736
P07	lab_data/P07/P07_EEG_recon_2026-06-08_13h33.20.214.csv	328	1087	bathrobe	3.984103499999037		1.9811093999996956	0.24982880000243313	6.2177517999989504
P07	lab_data/P07/P07_EEG_recon_2026-06-08_13h33.20.214.csv	329	1065	cabinet	3.988577100000839	3.9913745999983803	1.9906099999971048	0.24965159999919706	5.737313500002074
P07	lab_data/P07/P07_EEG_recon_2026-06-08_13h33.20.214.csv	330	1114	spinach	3.9873015999978634	3.9908337999981995	1.5056307000018023	0.24995120000312454	6.0747027999996135
P07	lab_data/P07/P07_EEG_recon_2026-06-08_13h33.20.214.csv	331	1138	ping-pong_table	3.989261399998668	3.9919543999967573	1.8444663000000219	0.24945750000188127	6.0506656000002295
P07	lab_data/P07/P07_EEG_recon_2026-06-08_13h33.20.214.csv	332	1113	firetruck	3.9731646000000183		1.818473899998935	0.25010330000077374	6.016408799998317
P07	lab_data/P07/P07_EEG_recon_2026-06-08_13h33.20.214.csv	333	1021	tea	3.991523100001814	3.9918005999970774	1.800692999997409	0.249890200000209	5.804631300001802
P07	lab_data/P07/P07_EEG_recon_2026-06-08_13h33.20.214.csv	334	1023	wolf	3.9926860000009583		1.5700131000016881	0.24945799999841256	6.2183287000002565
P07	lab_data/P07/P07_EEG_recon_2026-06-08_13h33.20.214.csv	335	1093	duckling	3.9896372000002884	3.9918942999975116	1.9827356999994663	0.24949310000010883	5.871917099997518
P07	lab_data/P07/P07_EEG_recon_2026-06-08_13h33.20.214.csv	336	1146	cheesecake	3.986625200002891	3.9894119999989925	1.639578899998014	0.2489010999997845	6.005952700001217
P07	lab_data/P07/P07_EEG_recon_2026-06-08_13h33.20.214.csv	337	1045	goose	3.987365699998918	3.9900410999980522	1.777231899999606	0.24902030000203013	5.863106900000275
P07	lab_data/P07/P07_EEG_recon_2026-06-08_13h33.20.214.csv	338	1156	coconut	3.9505100999995193		1.6334621999994852	0.24925670000129685	5.738139299999602
P07	lab_data/P07/P07_EEG_recon_2026-06-08_13h33.20.214.csv	339	1058	loveseat	3.9900299000000814		1.5452584000013303	0.24937420000105703	5.975177200001781
P07	lab_data/P07/P07_EEG_recon_2026-06-08_13h33.20.214.csv	340	1055	seagull	3.9869607999971777	3.9903626999985136	1.742367099999683	0.31354020000071614	28.185551799997484
P07	lab_data/P07/P07_EEG_recon_2026-06-08_13h33.20.214.csv	341	1056	leggings	3.9890078000025824		1.592497099998127	0.24961529999927734	5.890060699999594
P07	lab_data/P07/P07_EEG_recon_2026-06-08_13h33.20.214.csv	342	1054	bathtub	3.987948400001187	3.990554500000144	1.6581813999978294	0.24947569999858388	6.179026800000429
P07	lab_data/P07/P07_EEG_recon_2026-06-08_13h33.20.214.csv	343	1034	bracelet1	3.9898109000023396	3.9922146999997494	1.9483235999978206	0.2493572999992466	6.188974100001815
P07	lab_data/P07/P07_EEG_recon_2026-06-08_13h33.20.214.csv	344	1003	shorts	3.9878892000010637	3.9912805000021763	1.956382400000166	0.24993509999694652	6.199971199999709
P07	lab_data/P07/P07_EEG_recon_2026-06-08_13h33.20.214.csv	345	1078	sea_urchin	3.989811999999347	3.9919324000002234	1.9687468999986777	0.24919950000185054	6.049512299999606
P07	lab_data/P07/P07_EEG_recon_2026-06-08_13h33.20.214.csv	346	1105	gorilla	3.9884555999997247	3.9914486999987275	1.8167215999997097	0.24969789999886416	5.843236600001546
P07	lab_data/P07/P07_EEG_recon_2026-06-08_13h33.20.214.csv	347	1129	workbench	3.9923189000001003	3.9959134999994603	1.6116965000001073	0.24990089999892007	5.89983859999893
P07	lab_data/P07/P07_EEG_recon_2026-06-08_13h33.20.214.csv	348	1088	slipper	3.9884779999993043		1.6641928999997617	0.24973080000154368	6.071732600000814
P07	lab_data/P07/P07_EEG_recon_2026-06-08_13h33.20.214.csv	349	1102	crab	3.993387499999244		1.8402499000007992	0.2495822999990196	6.212916899999982
P07	lab_data/P07/P07_EEG_recon_2026-06-08_13h33.20.214.csv	350	1033	helmet	3.9888482999995176	3.9914600999982213	1.9764257999995607	0.24957029999859515	6.125733499997295
P07	lab_data/P07/P07_EEG_recon_2026-06-08_13h33.20.214.csv	351	1141	peach	3.9606063999999606		1.893796399999701	0.2494525000001886	5.871857699999964
P07	lab_data/P07/P07_EEG_recon_2026-06-08_13h33.20.214.csv	352	1130	showerhead	3.991364600002271		1.6685233999996854	0.249541400000453	6.042743500001961
P07	lab_data/P07/P07_EEG_recon_2026-06-08_13h33.20.214.csv	353	1150	chick	3.990140800000063	3.9917006000032416	1.8086738999991212	0.2496685000010075	6.0937299000001985
P07	lab_data/P07/P07_EEG_recon_2026-06-08_13h33.20.214.csv	354	1145	rocking_chair	3.986635099997784	3.9900376000005053	1.8608654000022398	0.24992290000227513	6.059329399999115
P07	lab_data/P07/P07_EEG_recon_2026-06-08_13h33.20.214.csv	355	1094	onion	3.9898582000018905	3.991546600001584	1.8295321000009608	0.24986189999981434	6.224782400000095
P07	lab_data/P07/P07_EEG_recon_2026-06-08_13h33.20.214.csv	356	1153	donut	3.987504100001388	3.9907716999991862	1.9910588999991887	0.24950650000027963	5.866098400001647
P07	lab_data/P07/P07_EEG_recon_2026-06-08_13h33.20.214.csv	357	1027	memory_stick	3.9689213999990898		1.6365185000031488	0.24926139999979569	6.168022099999234
P07	lab_data/P07/P07_EEG_recon_2026-06-08_13h33.20.214.csv	358	1014	shark	3.9883113999999296	3.9899661999984346	1.956611599999178	0.24938159999874188	6.115186199999698
P07	lab_data/P07/P07_EEG_recon_2026-06-08_13h33.20.214.csv	359	1025	llama	3.9913690000003044		1.8842605000022559	0.24922099999776037	6.052862199999254
P07	lab_data/P07/P07_EEG_recon_2026-06-08_13h33.20.214.csv	360	1148	broccoli	3.986741400000028	3.9896813999980623	1.818721299999197	0.2849626999991415	21.694960899999842
P07	lab_data/P07/P07_EEG_recon_2026-06-08_13h33.20.214.csv	361	1147	lemonade	3.9863581999998132	3.9899875999981305	1.6722218999998404	0.24964059999911115	5.9910592999985965
P07	lab_data/P07/P07_EEG_recon_2026-06-08_13h33.20.214.csv	362	1083	shirt	3.988437400003022		1.7619318999968527	0.2495516999993015	6.294683700002224
P07	lab_data/P07/P07_EEG_recon_2026-06-08_13h33.20.214.csv	363	1041	octopus	3.8330706999981885		2.063527400001931	0.2491663000000699	5.6755475999993905
P07	lab_data/P07/P07_EEG_recon_2026-06-08_13h33.20.214.csv	364	1018	coffee	3.9904080999986036		1.5998027999989972	0.24962830000004033	5.8836009000006015
P07	lab_data/P07/P07_EEG_recon_2026-06-08_13h33.20.214.csv	365	1136	snake	3.988835600001039	3.992645400001493	1.6501760999999533	0.24981739999930141	5.882638399998541
P07	lab_data/P07/P07_EEG_recon_2026-06-08_13h33.20.214.csv	366	1044	raccoon	3.9881927000024007	3.9908347000018694	1.6508973999984846	0.24935519999826283	6.034315000000788
P07	lab_data/P07/P07_EEG_recon_2026-06-08_13h33.20.214.csv	367	1027	memory_stick	3.967751000000135		1.803302299999359	0.24958419999893522	5.789360400001897
P07	lab_data/P07/P07_EEG_recon_2026-06-08_13h33.20.214.csv	368	1128	toad	3.991120399998181		1.5786715000031109	0.24938919999840437	6.080419499998243
P07	lab_data/P07/P07_EEG_recon_2026-06-08_13h33.20.214.csv	369	1043	ostrich	3.9871825000009267	3.98963619999995	1.8465681000016048	0.2497679000007338	5.991867699998693
P07	lab_data/P07/P07_EEG_recon_2026-06-08_13h33.20.214.csv	370	1099	tricycle	3.9607606000026863		1.7617024999999558	0.24937119999913193	5.744795599999634
P07	lab_data/P07/P07_EEG_recon_2026-06-08_13h33.20.214.csv	371	1117	hamster	3.993398700000398		1.5416927999976906	0.2495288000027358	5.799186300002475
P07	lab_data/P07/P07_EEG_recon_2026-06-08_13h33.20.214.csv	372	1030	puffin	3.9863972999992257	3.9890608999990036	1.5627970000023197	0.24942450000162353	6.025669300001027
P07	lab_data/P07/P07_EEG_recon_2026-06-08_13h33.20.214.csv	373	1080	camcorder	3.9880678999979864	3.9911986000010984	1.7968017000021064	0.24941390000094543	5.990157799998997
P07	lab_data/P07/P07_EEG_recon_2026-06-08_13h33.20.214.csv	374	1070	dragonfly	3.9910789999998997	3.994165699999485	1.759069300002011	0.24996760000021823	5.940376899998228
P07	lab_data/P07/P07_EEG_recon_2026-06-08_13h33.20.214.csv	375	1007	mirror	3.9746909999994386		1.7064785000002303	0.24920700000120632	5.825583800000459
P07	lab_data/P07/P07_EEG_recon_2026-06-08_13h33.20.214.csv	376	1059	zucchini	3.9613243999992847		1.6083517000006395	0.24983980000251904	5.917093300002307
P07	lab_data/P07/P07_EEG_recon_2026-06-08_13h33.20.214.csv	377	1158	bulldozer	3.9887789999988854		1.7128010000010363	0.24955290000116293	6.201135799998156
P07	lab_data/P07/P07_EEG_recon_2026-06-08_13h33.20.214.csv	378	1051	yacht	3.98922759999914	3.9916636000016297	1.9696093999991717	0.24959239999952842	6.094863599999826
P07	lab_data/P07/P07_EEG_recon_2026-06-08_13h33.20.214.csv	379	1076	groundhog	3.9910485000000335		1.8629297999982555	0.24982989999989513	6.122225800000706
P07	lab_data/P07/P07_EEG_recon_2026-06-08_13h33.20.214.csv	380	1122	webcam	3.987477100000433	3.989914299999782	1.8885040999989542	0.26208789999918736	25.949599100000796
P07	lab_data/P07/P07_EEG_recon_2026-06-08_13h33.20.214.csv	381	1052	wallpaper	3.9890041000003293	3.992028600001504	1.7463750999995682	0.24988449999682416	5.933129900000495
P07	lab_data/P07/P07_EEG_recon_2026-06-08_13h33.20.214.csv	382	1142	piglet	3.986794099997951	3.989457599999696	1.7012108000012631	0.2492817000015748	6.0450384999967355
P07	lab_data/P07/P07_EEG_recon_2026-06-08_13h33.20.214.csv	383	1064	fly	3.9903345000020636	3.9918416000000434	1.8152942999986408	0.25011149999772897	5.916359700000612
P07	lab_data/P07/P07_EEG_recon_2026-06-08_13h33.20.214.csv	384	1060	squirrel	3.990641700001561	3.992207600000256	1.6832200999992892	0.24932200000012017	6.14774540000144
P07	lab_data/P07/P07_EEG_recon_2026-06-08_13h33.20.214.csv	385	1048	sombrero	3.9882318999989366	3.9919366000031005	1.9144708999992872	0.2495667000002868	6.00498510000034
P07	lab_data/P07/P07_EEG_recon_2026-06-08_13h33.20.214.csv	386	1009	papaya	3.9906263999992007		1.7734689000026265	0.2495577000004232	6.236114699997415
P07	lab_data/P07/P07_EEG_recon_2026-06-08_13h33.20.214.csv	387	1072	blackberry	3.9912808000008226		2.0027595999999903	0.24914690000150586	5.9924417000001995
P07	lab_data/P07/P07_EEG_recon_2026-06-08_13h33.20.214.csv	388	1089	unicycle	3.9913107000029413		1.7585487999967881	0.24992349999911312	5.781848300001002
P07	lab_data/P07/P07_EEG_recon_2026-06-08_13h33.20.214.csv	389	1075	filing_cabinet	3.987430800000311	3.9902834000022267	1.5476174999994328	0.2497705999990103	5.877095899999404
P07	lab_data/P07/P07_EEG_recon_2026-06-08_13h33.20.214.csv	390	1029	sheep	3.978413400000136		1.6465796999982558	0.24976670000251033	5.7791938000009395
P07	lab_data/P07/P07_EEG_recon_2026-06-08_13h33.20.214.csv	391	1069	rollerblade	3.984022199998435		1.558094899999105	0.249351000002207	6.097169799999847
P07	lab_data/P07/P07_EEG_recon_2026-06-08_13h33.20.214.csv	392	1126	helicopter	3.9908187000000908		1.8704625999998825	0.24968290000106208	5.784308500001771
P07	lab_data/P07/P07_EEG_recon_2026-06-08_13h33.20.214.csv	393	1019	videocassette	3.984157899998536		1.550637600000755	0.24974500000053013	6.2306304999983695
P07	lab_data/P07/P07_EEG_recon_2026-06-08_13h33.20.214.csv	394	1005	ottoman	3.982848899999226		2.0033445000008214	0.2497475000018312	6.206477100000939
P07	lab_data/P07/P07_EEG_recon_2026-06-08_13h33.20.214.csv	395	1116	praying_mantis	3.99186040000086		1.9808426000022337	0.24987859999964712	6.059177399998134
P07	lab_data/P07/P07_EEG_recon_2026-06-08_13h33.20.214.csv	396	1022	shoe	3.9813395000019227		1.8244493999991391	0.24935379999806173	6.2154131999996025
P07	lab_data/P07/P07_EEG_recon_2026-06-08_13h33.20.214.csv	397	1066	giraffe	3.981134800000291		1.9912243999970087	0.2492896000012479	6.06471440000314
P07	lab_data/P07/P07_EEG_recon_2026-06-08_13h33.20.214.csv	398	1004	dalmatian	3.9926011999996263		1.8406750000031025	0.25001639999754843	5.884920999997121
P07	lab_data/P07/P07_EEG_recon_2026-06-08_13h33.20.214.csv	399	1157	barnacle	3.8861372000028496		1.6491105999989486	0.24909659999684663	6.080288900001051
P07	lab_data/P07/P07_EEG_recon_2026-06-08_13h33.20.214.csv	400	1024	lab_coat	3.9724411000020154		1.9515469000002668	0.25494359999720473	
zar	lab_data/zar/004-zar_EEG_recon_2026-05-21_13h22.30.753.csv	401	1096	beaver	3.991501900000003	3.9953010000010636	1.7745947999992495	0.24988800000028277	6.2270308999995905
zar	lab_data/zar/004-zar_EEG_recon_2026-05-21_13h22.30.753.csv	402	1124	nightshirt	3.9801406000005954		1.9922583999996277	0.2494048999997176	5.9130718000014895
zar	lab_data/zar/004-zar_EEG_recon_2026-05-21_13h22.30.753.csv	403	1006	cardinal	3.9836934999984805		1.6901080000006914	0.24947980000069947	5.878527699998813
zar	lab_data/zar/004-zar_EEG_recon_2026-05-21_13h22.30.753.csv	404	1071	mongoose	3.987155500000881	3.990733400000181	1.6523914999995668	0.24927109999953245	6.004271900001186
zar	lab_data/zar/004-zar_EEG_recon_2026-05-21_13h22.30.753.csv	405	1077	bison	3.989498599999706	3.9926933999995526	1.7742912000012439	0.24968529999955535	5.794569099998398
zar	lab_data/zar/004-zar_EEG_recon_2026-05-21_13h22.30.753.csv	406	1159	pear	3.987660200000846	3.9894811000008303	1.5618493999988914	0.24806990000047335	6.179195599999957
zar	lab_data/zar/004-zar_EEG_recon_2026-05-21_13h22.30.753.csv	407	1062	antelope	3.9888895000003686	3.9912927000004856	1.9497845999994752	0.24928259999978764	5.77919330000077
zar	lab_data/zar/004-zar_EEG_recon_2026-05-21_13h22.30.753.csv	408	1145	rocking_chair	3.9869187000003876	3.9901632000003247	1.5469890999995641	0.2495419999997921	5.778565500000468
zar	lab_data/zar/004-zar_EEG_recon_2026-05-21_13h22.30.753.csv	409	1015	moose	3.965268199999855		1.5488115000002836	0.24954429999888816	5.8673041000004105
zar	lab_data/zar/004-zar_EEG_recon_2026-05-21_13h22.30.753.csv	410	1092	bunkbed	3.986698499999193		1.659439500001099	0.2497571000001244	6.043220999999676
zar	lab_data/zar/004-zar_EEG_recon_2026-05-21_13h22.30.753.csv	411	1001	limousine	3.9921732999996493	3.9946026999998594	1.8134184999996705	0.24998509999909402	5.741992699999628
zar	lab_data/zar/004-zar_EEG_recon_2026-05-21_13h22.30.753.csv	412	1160	clam	3.9866771999998036	3.9902534000011656	1.5063857999996344	0.24942939999937153	5.947626799999398
zar	lab_data/zar/004-zar_EEG_recon_2026-05-21_13h22.30.753.csv	413	1020	television	3.983466400000907		1.71879429999899	0.24936759999968672	6.133762100000467
zar	lab_data/zar/004-zar_EEG_recon_2026-05-21_13h22.30.753.csv	414	1104	speaker	3.988488899999993	3.9909114999995836	1.9075678999997763	0.24955040000031659	6.28299700000025
zar	lab_data/zar/004-zar_EEG_recon_2026-05-21_13h22.30.753.csv	415	1134	sleeping_bag	3.8313293999999587		2.051398100000142	0.24882140000022446	5.729686599999695
zar	lab_data/zar/004-zar_EEG_recon_2026-05-21_13h22.30.753.csv	416	1147	lemonade	3.93436870000005		1.6559697999998662	0.24947659999997995	6.208402399999613
zar	lab_data/zar/004-zar_EEG_recon_2026-05-21_13h22.30.753.csv	417	1121	sunglasses	3.8523251000005985		2.0313162000002194	0.24802349999981743	5.893167199999652
zar	lab_data/zar/004-zar_EEG_recon_2026-05-21_13h22.30.753.csv	418	1035	lizard	3.985528700000941		1.7997507000000041	0.24938300000030722	5.806908000000931
zar	lab_data/zar/004-zar_EEG_recon_2026-05-21_13h22.30.753.csv	419	1052	wallpaper	3.9910401999998157		1.5781423000009909	0.2498024000001351	5.9616733000000295
zar	lab_data/zar/004-zar_EEG_recon_2026-05-21_13h22.30.753.csv	420	1132	polar_bear	3.9876782999999705	3.9906628999995064	1.7275458999993134	0.26325229999906696	44.328053299999965
zar	lab_data/zar/004-zar_EEG_recon_2026-05-21_13h22.30.753.csv	421	1071	mongoose	3.986410699999169	3.9893261999989136	1.8326958000000104	0.24971600000026228	5.809136699999499
zar	lab_data/zar/004-zar_EEG_recon_2026-05-21_13h22.30.753.csv	422	1150	chick	3.989663600001222	3.9919923000015842	1.5796216999988246	0.24991419999969366	6.288184000000911
zar	lab_data/zar/004-zar_EEG_recon_2026-05-21_13h22.30.753.csv	423	1134	sleeping_bag	3.854869900000267		2.0554930000000695	0.2491602999996303	5.82114139999976
zar	lab_data/zar/004-zar_EEG_recon_2026-05-21_13h22.30.753.csv	424	1053	reindeer	3.991615200000524		1.724034500001153	0.24963589999970281	6.210373300000128
zar	lab_data/zar/004-zar_EEG_recon_2026-05-21_13h22.30.753.csv	425	1060	squirrel	3.9899003999998968	3.9921745000006013	1.9756175000004532	0.24919699999941258	6.135985400000436
zar	lab_data/zar/004-zar_EEG_recon_2026-05-21_13h22.30.753.csv	426	1001	limousine	3.9857099999992442	3.9890554000000975	1.9034859000005326	0.24967479999918396	6.003631799998402
zar	lab_data/zar/004-zar_EEG_recon_2026-05-21_13h22.30.753.csv	427	1115	marshmallow	3.9891303000003973		1.7750667000000249	0.24939140000060434	6.140707700000348
zar	lab_data/zar/004-zar_EEG_recon_2026-05-21_13h22.30.753.csv	428	1159	pear	3.9869685000012396	3.989981200000102	1.9088637999993807	0.24976109999965956	6.030636400000731
zar	lab_data/zar/004-zar_EEG_recon_2026-05-21_13h22.30.753.csv	429	1012	burrito	3.9706645999997363		1.8008004000002984	0.24926100000038787	6.075141799999983
zar	lab_data/zar/004-zar_EEG_recon_2026-05-21_13h22.30.753.csv	430	1036	ladybug	3.9926260999995975		1.8615769999998975	0.24984009999980117	5.894322699999975
zar	lab_data/zar/004-zar_EEG_recon_2026-05-21_13h22.30.753.csv	431	1045	goose	3.9870805999998993	3.9905646999998226	1.658696000000191	0.24909549999938463	5.824478399999862
zar	lab_data/zar/004-zar_EEG_recon_2026-05-21_13h22.30.753.csv	432	1095	mouse2	3.9888876999993954	3.991590100000849	1.594690800000535	0.2497961999997642	5.890053299999863
zar	lab_data/zar/004-zar_EEG_recon_2026-05-21_13h22.30.753.csv	433	1144	tarantula	3.988316799999211	3.9917019000004075	1.6579571999996006	0.2492119000000912	5.737733600000411
zar	lab_data/zar/004-zar_EEG_recon_2026-05-21_13h22.30.753.csv	434	1057	eggnog	3.9867285999991964	3.9891035999992255	1.5068448000004082	0.24946730000010575	6.11565319999886
zar	lab_data/zar/004-zar_EEG_recon_2026-05-21_13h22.30.753.csv	435	1112	hard_disk	3.9889573000000382	3.9918301999987307	1.886391599999115	0.2494598000012047	6.187264600000844
zar	lab_data/zar/004-zar_EEG_recon_2026-05-21_13h22.30.753.csv	436	1108	possum	3.989088299999139	3.9916883999997026	1.955722700000024	0.2494767000007414	6.09405990000073
zar	lab_data/zar/004-zar_EEG_recon_2026-05-21_13h22.30.753.csv	437	1160	clam	3.992445100000623		1.8619640000015352	0.2494960999979412	5.896687099997507
zar	lab_data/zar/004-zar_EEG_recon_2026-05-21_13h22.30.753.csv	438	1031	fish	3.991510500000004		1.6611706999974558	0.2495446000029915	5.935846600001241
zar	lab_data/zar/004-zar_EEG_recon_2026-05-21_13h22.30.753.csv	439	1016	ant	3.986278799999127	3.9892760000002454	1.7011482999987493	0.24946780000027502	5.93554579999909
zar	lab_data/zar/004-zar_EEG_recon_2026-05-21_13h22.30.753.csv	440	1118	candy_bar	3.988294600000245		1.7064290999987861	0.26065060000064477	38.279025300002104
zar	lab_data/zar/004-zar_EEG_recon_2026-05-21_13h22.30.753.csv	441	1050	artichoke	3.987436699997488	3.990024700000504	1.5261487000025227	0.24944000000323285	5.946604400000069
zar	lab_data/zar/004-zar_EEG_recon_2026-05-21_13h22.30.753.csv	442	1157	barnacle	3.936644900000829		1.7163263000006737	0.2492577999983041	5.978794499999367
zar	lab_data/zar/004-zar_EEG_recon_2026-05-21_13h22.30.753.csv	443	1098	stool	3.9924717999997483		1.799595600001794	0.249493799998163	5.961414699998841
zar	lab_data/zar/004-zar_EEG_recon_2026-05-21_13h22.30.753.csv	444	1073	bull	3.9897549000015715	3.991580400001112	1.7261938999981794	0.24934189999839873	5.8728188999998565
zar	lab_data/zar/004-zar_EEG_recon_2026-05-21_13h22.30.753.csv	445	1020	television	3.9846117000010963		1.6408052999986467	0.24965439999868977	6.114634600001864
zar	lab_data/zar/004-zar_EEG_recon_2026-05-21_13h22.30.753.csv	446	1151	tractor	3.987694899999042	3.9905244999972638	1.886940100001084	0.24991489999956684	6.118791799999599
zar	lab_data/zar/004-zar_EEG_recon_2026-05-21_13h22.30.753.csv	447	1119	star_fruit	3.9875838000007207	3.990706100001262	1.8878425000002608	0.2496212000005471	6.181824799998594
zar	lab_data/zar/004-zar_EEG_recon_2026-05-21_13h22.30.753.csv	448	1011	raspberry	3.9859487000026093	3.989454400001705	1.951483699999244	0.2501949999973476	6.156696900000952
zar	lab_data/zar/004-zar_EEG_recon_2026-05-21_13h22.30.753.csv	449	1137	lamb	3.9892825999995694	3.9921083000008366	1.9278771999997844	0.24920080000083544	5.957564899999852
zar	lab_data/zar/004-zar_EEG_recon_2026-05-21_13h22.30.753.csv	450	1104	speaker	3.9899877999996534	3.9918743999987782	1.7257723000002443	0.24971310000182712	5.913047800000641
zar	lab_data/zar/004-zar_EEG_recon_2026-05-21_13h22.30.753.csv	451	1110	jet	3.986458299998503	3.989991500002361	1.6802395000013348	0.2498387000009643	5.817827599999873
zar	lab_data/zar/004-zar_EEG_recon_2026-05-21_13h22.30.753.csv	452	1144	tarantula	3.988340600000811	3.9910900999998375	1.5878339000009873	0.24964159999944968	5.828174300000683
zar	lab_data/zar/004-zar_EEG_recon_2026-05-21_13h22.30.753.csv	453	1006	cardinal	3.9867473999984213	3.9899586999999883	1.5967612999993435	0.24940260000221315	5.825434700000187
zar	lab_data/zar/004-zar_EEG_recon_2026-05-21_13h22.30.753.csv	454	1097	sandwich	3.9871167999990575	3.99118610000005	1.5960158000016236	0.24960699999792268	5.909636399999727
zar	lab_data/zar/004-zar_EEG_recon_2026-05-21_13h22.30.753.csv	455	1090	garlic	3.987579000000551	3.9905579000005673	1.6787435000005644	0.24981049999769311	6.14797550000003
zar	lab_data/zar/004-zar_EEG_recon_2026-05-21_13h22.30.753.csv	456	1101	boat	3.985497999998188		1.917200200001389	0.24984220000260393	5.768340599999647
zar	lab_data/zar/004-zar_EEG_recon_2026-05-21_13h22.30.753.csv	457	1132	polar_bear	3.9878958000008424	3.9902475999988383	1.539775199998985	0.24971000000005006	6.159787099997629
zar	lab_data/zar/004-zar_EEG_recon_2026-05-21_13h22.30.753.csv	458	1047	drawer	3.946391500001482		1.9291346999998495	0.2494753999999375	5.802639800000179
zar	lab_data/zar/004-zar_EEG_recon_2026-05-21_13h22.30.753.csv	459	1026	asparagus	3.9286274000010053		1.6131557999979123	0.2497787999996035	5.967684100000042
zar	lab_data/zar/004-zar_EEG_recon_2026-05-21_13h22.30.753.csv	460	1046	tiramisu	3.988818200003152		1.7964413999980025	0.25888239999767393	38.119898800003284
zar	lab_data/zar/004-zar_EEG_recon_2026-05-21_13h22.30.753.csv	461	1110	jet	3.987108099998295	3.9907502999994904	1.664330500003416	0.24956839999867952	5.840604599998187
zar	lab_data/zar/004-zar_EEG_recon_2026-05-21_13h22.30.753.csv	462	1149	mole	3.9864613999998255	3.990412799998012	1.6106246000017563	0.24994430000151624	6.208938700001454
zar	lab_data/zar/004-zar_EEG_recon_2026-05-21_13h22.30.753.csv	463	1023	wolf	3.9860931000002893	3.989108199999464	1.9793654000022798	0.24981859999752487	5.747866899997916
zar	lab_data/zar/004-zar_EEG_recon_2026-05-21_13h22.30.753.csv	464	1125	sundae	3.9884039999997185	3.991257500001211	1.5190351999995073	0.25012110000125176	5.819327600001543
zar	lab_data/zar/004-zar_EEG_recon_2026-05-21_13h22.30.753.csv	465	1037	steamroller	3.988373000000138	3.9910519999975804	1.5883066999995208	0.2495262999982515	6.13051009999981
zar	lab_data/zar/004-zar_EEG_recon_2026-05-21_13h22.30.753.csv	466	1120	owl	3.9897797999988143	3.992170699998951	1.8991876000000047	0.25002919999997175	6.050516700001026
zar	lab_data/zar/004-zar_EEG_recon_2026-05-21_13h22.30.753.csv	467	1015	moose	3.9673453999967023		1.8175279000024602	0.24978879999980563	6.3081793999986076
zar	lab_data/zar/004-zar_EEG_recon_2026-05-21_13h22.30.753.csv	468	1121	sunglasses	3.8540776000013466		2.0978066999991825	0.24904269999751705	5.720953600001394
zar	lab_data/zar/004-zar_EEG_recon_2026-05-21_13h22.30.753.csv	469	1049	rat	3.9867520999978296		1.624695200000133	0.24947249999968335	5.78007869999783
zar	lab_data/zar/004-zar_EEG_recon_2026-05-21_13h22.30.753.csv	470	1032	pants	3.9915905999987444		1.550347899999906	0.24966720000156783	6.04431889999978
zar	lab_data/zar/004-zar_EEG_recon_2026-05-21_13h22.30.753.csv	471	1063	car	3.988883400001214	3.9915373000003456	1.809698799999751	0.2496298999976716	6.140605700002197
zar	lab_data/zar/004-zar_EEG_recon_2026-05-21_13h22.30.753.csv	472	1118	candy_bar	3.9871085999984643		1.9080587999997078	0.24981299999853945	5.781660999997257
zar	lab_data/zar/004-zar_EEG_recon_2026-05-21_13h22.30.753.csv	473	1092	bunkbed	3.9905434000029345		1.551503299997421	0.24939079999967362	5.89176480000242
zar	lab_data/zar/004-zar_EEG_recon_2026-05-21_13h22.30.753.csv	474	1038	cupcake	3.945822399997269		1.6582756000025256	0.24961510000139242	6.092730500000471
zar	lab_data/zar/004-zar_EEG_recon_2026-05-21_13h22.30.753.csv	475	1061	taco	3.991994899999554		1.9039745000013681	0.24959789999820714	5.9356947999986005
zar	lab_data/zar/004-zar_EEG_recon_2026-05-21_13h22.30.753.csv	476	1130	showerhead	3.986815000000206	3.9898677000014686	1.7007871999999224	0.24991339999905904	5.868500100001256
zar	lab_data/zar/004-zar_EEG_recon_2026-05-21_13h22.30.753.csv	477	1143	mango	3.9866164999984903		1.6386347000006936	0.24943989999928817	6.158780699999625
zar	lab_data/zar/004-zar_EEG_recon_2026-05-21_13h22.30.753.csv	478	1123	sorbet	3.9872761000005994	3.989881299999979	1.929181300001801	0.24999599999864586	6.089731299998675
zar	lab_data/zar/004-zar_EEG_recon_2026-05-21_13h22.30.753.csv	479	1013	banana	3.9879699000011897	3.991004100000282	1.8592931999992288	0.2497038999972574	5.738790700001118
zar	lab_data/zar/004-zar_EEG_recon_2026-05-21_13h22.30.753.csv	480	1139	earwig	3.9921681999985594		1.508081600000878	0.2568676000009873	38.220655900000565
zar	lab_data/zar/004-zar_EEG_recon_2026-05-21_13h22.30.753.csv	481	1079	puppy	3.986972599999717	3.989137100001244	1.490995300002396	0.2494793000005302	6.110809199999494
zar	lab_data/zar/004-zar_EEG_recon_2026-05-21_13h22.30.753.csv	482	1082	necklace	3.987235900000087	3.9904858000004424	1.8806791000019984	0.24986999999919135	5.910059999998339
zar	lab_data/zar/004-zar_EEG_recon_2026-05-21_13h22.30.753.csv	483	1131	eel	3.987155999999686	3.9902388000009523	1.679480999999214	0.24987280000232204	5.9646767000012915
zar	lab_data/zar/004-zar_EEG_recon_2026-05-21_13h22.30.753.csv	484	1143	mango	3.9875695000009728		1.7348038000018278	0.24974870000005467	6.172950699998182
zar	lab_data/zar/004-zar_EEG_recon_2026-05-21_13h22.30.753.csv	485	1109	wasp	3.9817782000027364		1.9417927999998028	0.24906709999777377	5.775771800002985
zar	lab_data/zar/004-zar_EEG_recon_2026-05-21_13h22.30.753.csv	486	1046	tiramisu	3.990343899997697		1.5514905000018189	0.2498995000019022	6.120017599998391
zar	lab_data/zar/004-zar_EEG_recon_2026-05-21_13h22.30.753.csv	487	1133	cockatoo	3.98849120000159	3.9917759999989357	1.8864665000000969	0.24995549999948707	5.891521999998076
zar	lab_data/zar/004-zar_EEG_recon_2026-05-21_13h22.30.753.csv	488	1002	pea	3.98611240000173	3.988911399999779	1.6602686999976868	0.24968300000182353	5.981890300001396
zar	lab_data/zar/004-zar_EEG_recon_2026-05-21_13h22.30.753.csv	489	1135	pony	3.9901984999996785	3.9937539999987166	1.7532670000000508	0.24983330000031856	6.057755400001042
zar	lab_data/zar/004-zar_EEG_recon_2026-05-21_13h22.30.753.csv	490	1125	sundae	3.9881086999994295	3.99174130000074	1.824894299999869	0.24976370000149473	5.83251989999917
zar	lab_data/zar/004-zar_EEG_recon_2026-05-21_13h22.30.753.csv	491	1124	nightshirt	3.988787599999341		1.601406699999643		5.8025221999996575
zar	lab_data/zar/004-zar_EEG_recon_2026-05-21_13h22.30.753.csv	492	1140	kayak	3.9921510000021954		1.570364499999414	0.2495902999980899	5.831323499998689
zar	lab_data/zar/004-zar_EEG_recon_2026-05-21_13h22.30.753.csv	493	1059	zucchini	3.966140300002735		1.596206299996993	0.2495503999994071	6.143677100001241
zar	lab_data/zar/004-zar_EEG_recon_2026-05-21_13h22.30.753.csv	494	1040	panda	3.9892439999998714		1.9346086999980798	0.24998640000194428	5.8842195999995965
zar	lab_data/zar/004-zar_EEG_recon_2026-05-21_13h22.30.753.csv	495	1061	taco	3.9872158000002855	3.99062259999846	1.6522284999987278	0.249646299998858	6.113713999999618
zar	lab_data/zar/004-zar_EEG_recon_2026-05-21_13h22.30.753.csv	496	1107	omelet	3.957466200001363		1.8839871999989555	0.24898659999962547	6.190812000000733
zar	lab_data/zar/004-zar_EEG_recon_2026-05-21_13h22.30.753.csv	497	1086	pasta	3.919191500001034		1.9911111000001256	0.24932719999924302	6.089696800001548
zar	lab_data/zar/004-zar_EEG_recon_2026-05-21_13h22.30.753.csv	498	1010	pineapple	3.86449299999731		1.927732800002559	0.24866410000322503	5.668378499998653
zar	lab_data/zar/004-zar_EEG_recon_2026-05-21_13h22.30.753.csv	499	1127	space_shuttle	3.99393770000097		1.5616641999986314	0.24988590000066324	5.8323946999994405
zar	lab_data/zar/004-zar_EEG_recon_2026-05-21_13h22.30.753.csv	500	1155	kale	3.9881137000006674	3.9915064000015263	1.5953178999993725	0.2552146999987599	34.58830629999966
zar	lab_data/zar/004-zar_EEG_recon_2026-05-21_13h22.30.753.csv	501	1152	speedboat	3.9834229000007326		1.7726056999999855	0.2498903000014252	6.089408600000752
zar	lab_data/zar/004-zar_EEG_recon_2026-05-21_13h22.30.753.csv	502	1008	keyboard	3.9913156000002346		1.8630244999985734	0.2493628000006538	6.124872700002015
zar	lab_data/zar/004-zar_EEG_recon_2026-05-21_13h22.30.753.csv	503	1042	eagle	3.99132119999922		1.891056500000559	0.24963109999953303	6.176018999998632
zar	lab_data/zar/004-zar_EEG_recon_2026-05-21_13h22.30.753.csv	504	1028	meatball	3.9613008000014815		1.9414362999996229	0.2495967999966524	6.0159061000013025
zar	lab_data/zar/004-zar_EEG_recon_2026-05-21_13h22.30.753.csv	505	1062	antelope	3.993883699997241		1.8119178000015381	0.24968380000063917	6.081388700000389
zar	lab_data/zar/004-zar_EEG_recon_2026-05-21_13h22.30.753.csv	506	1085	frog	3.98885369999698		1.8444082000023627	0.24961439999970025	6.0177406999973755
zar	lab_data/zar/004-zar_EEG_recon_2026-05-21_13h22.30.753.csv	507	1074	cobra	3.9852914000002784		1.7860835999999836	0.2494607000007818	6.2120904000003065
zar	lab_data/zar/004-zar_EEG_recon_2026-05-21_13h22.30.753.csv	508	1103	blazer	3.9814679000010074		1.9842308999977831	0.24975809999887133	6.2213058000015735
zar	lab_data/zar/004-zar_EEG_recon_2026-05-21_13h22.30.753.csv	509	1017	carrot	3.9891481999979987		1.997149000002537	0.2497991000022921	5.836710399998992
zar	lab_data/zar/004-zar_EEG_recon_2026-05-21_13h22.30.753.csv	510	1126	helicopter	3.9860870000011346		1.6048895999997512	0.2494498999985808	5.881710599998769
zar	lab_data/zar/004-zar_EEG_recon_2026-05-21_13h22.30.753.csv	511	1106	swordfish	3.986435600000277	3.989231600000494	1.6527201999997487	0.24920019999990473	6.067861999999877
zar	lab_data/zar/004-zar_EEG_recon_2026-05-21_13h22.30.753.csv	512	1068	radio	3.9260199000018474		1.8385999999991327	0.2487531000006129	5.6948647999997775
zar	lab_data/zar/004-zar_EEG_recon_2026-05-21_13h22.30.753.csv	513	1100	champagne	3.9875520000018696		1.5264640999989751	0.24946690000115268	6.1641025000026275
zar	lab_data/zar/004-zar_EEG_recon_2026-05-21_13h22.30.753.csv	514	1084	cheetah	3.9896052999979474		1.9337087000017164	0.24957770000037272	5.847436000000016
zar	lab_data/zar/004-zar_EEG_recon_2026-05-21_13h22.30.753.csv	515	1120	owl	3.989634699999442	3.991982100000314	1.6145980000001146	0.24994259999948554	6.127377900000283
zar	lab_data/zar/004-zar_EEG_recon_2026-05-21_13h22.30.753.csv	516	1129	workbench	3.987517300000036		1.8947789000012563	0.24971949999962817	6.068173899999238
zar	lab_data/zar/004-zar_EEG_recon_2026-05-21_13h22.30.753.csv	517	1053	reindeer	3.9887778000011167	3.99137939999855	1.8380648000015753	0.24987299999702373	5.956367399998726
zar	lab_data/zar/004-zar_EEG_recon_2026-05-21_13h22.30.753.csv	518	1039	sailboat	3.990415899999334	3.9938986999991357	1.724721399998998	0.25016020000111894	5.960511000000679
zar	lab_data/zar/004-zar_EEG_recon_2026-05-21_13h22.30.753.csv	519	1111	creme_brulee	3.9884187999996357		1.7264963000015996	0.2500627000008535	5.884438699999464
zar	lab_data/zar/004-zar_EEG_recon_2026-05-21_13h22.30.753.csv	520	1012	burrito	3.9722877000017434		1.653030599999056	0.26151219999883324	24.779132400002254
zar	lab_data/zar/004-zar_EEG_recon_2026-05-21_13h22.30.753.csv	521	1067	taffy	3.98487219999879		1.7219140000015614	0.2498133000008238	5.997088799998892
zar	lab_data/zar/004-zar_EEG_recon_2026-05-21_13h22.30.753.csv	522	1084	cheetah	3.9881333999987874	3.990727500000503	1.7691616000010981	0.24956369999881645	5.737348099999508
zar	lab_data/zar/004-zar_EEG_recon_2026-05-21_13h22.30.753.csv	523	1082	necklace	3.986670599999343	3.9898506999998062	1.5065608000004431	0.24976779999997234	6.149078700000246
zar	lab_data/zar/004-zar_EEG_recon_2026-05-21_13h22.30.753.csv	524	1051	yacht	3.990463999999065		1.9190815000001749	0.24981390000084502	5.823761899999226
zar	lab_data/zar/004-zar_EEG_recon_2026-05-21_13h22.30.753.csv	525	1091	kitten	3.9863565000014205	3.98962119999851	1.5905984999990324	0.24944949999917299	5.971058800001629
zar	lab_data/zar/004-zar_EEG_recon_2026-05-21_13h22.30.753.csv	526	1081	police_car	3.9875890000002983	3.9908432999982324	1.741819500002748	0.24931399999695714	6.231942499998695
zar	lab_data/zar/004-zar_EEG_recon_2026-05-21_13h22.30.753.csv	527	1154	chandelier	3.8950612000003275		2.0014402999986487	0.2492195999989235	6.121343999999226
zar	lab_data/zar/004-zar_EEG_recon_2026-05-21_13h22.30.753.csv	528	1087	bathrobe	3.9815600000001723		1.9841183999997156	0.24936770000203978	6.229404100002284
zar	lab_data/zar/004-zar_EEG_recon_2026-05-21_13h22.30.753.csv	529	1065	cabinet	3.9813986999979534		2.00516220000236	0.24940110000170534	5.735690800000157
zar	lab_data/zar/004-zar_EEG_recon_2026-05-21_13h22.30.753.csv	530	1114	spinach	3.988614799996867		1.5114946000026066	0.24961380000240752	6.081418299996585
zar	lab_data/zar/004-zar_EEG_recon_2026-05-21_13h22.30.753.csv	531	1138	ping-pong_table	3.9905211000004783		1.8499031999999715	0.24966630000199075	6.053704000001744
zar	lab_data/zar/004-zar_EEG_recon_2026-05-21_13h22.30.753.csv	532	1113	firetruck	3.9648548000004666		1.8202239999995982	0.24942820000069332	6.013687300001038
zar	lab_data/zar/004-zar_EEG_recon_2026-05-21_13h22.30.753.csv	533	1021	tea	3.9926322999999684		1.8058240999998816	0.24959609999859822	5.804046999997809
zar	lab_data/zar/004-zar_EEG_recon_2026-05-21_13h22.30.753.csv	534	1023	wolf	3.9871736999994027	3.9900576	1.5688832999985607	0.24996260000216353	6.224801500000467
zar	lab_data/zar/004-zar_EEG_recon_2026-05-21_13h22.30.753.csv	535	1093	duckling	3.991702499999519		1.9940428000008978	0.24951030000056562	5.877176000001782
zar	lab_data/zar/004-zar_EEG_recon_2026-05-21_13h22.30.753.csv	536	1146	cheesecake	3.989649399998598		1.6420335000007071	0.24999580000076094	6.011222499997984
zar	lab_data/zar/004-zar_EEG_recon_2026-05-21_13h22.30.753.csv	537	1045	goose	3.9922371000025123		1.7789373999989948	0.2497851999978593	5.868411800001468
zar	lab_data/zar/004-zar_EEG_recon_2026-05-21_13h22.30.753.csv	538	1156	coconut	3.950630399998772		1.6335236000013538	0.24887569999918924	5.74284039999884
zar	lab_data/zar/004-zar_EEG_recon_2026-05-21_13h22.30.753.csv	539	1058	loveseat	3.9922177000003103		1.549381400000584	0.2495106999995187	5.97939340000039
zar	lab_data/zar/004-zar_EEG_recon_2026-05-21_13h22.30.753.csv	540	1055	seagull	3.991764400001557		1.7440169000001333	0.2620324999988952	37.45924820000073
zar	lab_data/zar/004-zar_EEG_recon_2026-05-21_13h22.30.753.csv	541	1056	leggings	3.9844822999989447		1.5906513000009	0.2488073000017721	5.890336600001319
zar	lab_data/zar/004-zar_EEG_recon_2026-05-21_13h22.30.753.csv	542	1054	bathtub	3.989546999997401	3.9925406999973347	1.6630048000006354	0.25027220000265515	6.185720199999196
zar	lab_data/zar/004-zar_EEG_recon_2026-05-21_13h22.30.753.csv	543	1034	bracelet1	3.9910294999972393		1.952926199999638	0.25006260000009206	6.195453299998917
zar	lab_data/zar/004-zar_EEG_recon_2026-05-21_13h22.30.753.csv	544	1003	shorts	3.9915920999992522		1.9608025999987149	0.24856350000118255	6.207385199999408
zar	lab_data/zar/004-zar_EEG_recon_2026-05-21_13h22.30.753.csv	545	1078	sea_urchin	3.9914070000013453		1.9740864999989753	0.2497966999981145	6.054763300002378
zar	lab_data/zar/004-zar_EEG_recon_2026-05-21_13h22.30.753.csv	546	1105	gorilla	3.985655399999814	3.9884468000018387	1.8204053000013118	0.24942939999891678	5.838680099997873
zar	lab_data/zar/004-zar_EEG_recon_2026-05-21_13h22.30.753.csv	547	1129	workbench	3.9872520999997505	3.989908299999115	1.610373100000288	0.2496997000016563	5.895540000001347
zar	lab_data/zar/004-zar_EEG_recon_2026-05-21_13h22.30.753.csv	548	1088	slipper	3.98770660000082		1.6656511000005594	0.2493302999973821	6.075836799998797
zar	lab_data/zar/004-zar_EEG_recon_2026-05-21_13h22.30.753.csv	549	1102	crab	3.9879383000006783	3.99056070000006	1.8455004999996163	0.2499110999997356	6.212635100000625
zar	lab_data/zar/004-zar_EEG_recon_2026-05-21_13h22.30.753.csv	550	1033	helmet	3.990441900001315		1.9815242000004218	0.2497144999979355	6.126939599998877
zar	lab_data/zar/004-zar_EEG_recon_2026-05-21_13h22.30.753.csv	551	1141	peach	3.9611807000001136		1.8933828000008361	0.24965119999978924	5.8695379000018875
zar	lab_data/zar/004-zar_EEG_recon_2026-05-21_13h22.30.753.csv	552	1130	showerhead	3.9940655999998853		1.6658367000018188	0.2496839999985241	6.046561299998302
zar	lab_data/zar/004-zar_EEG_recon_2026-05-21_13h22.30.753.csv	553	1150	chick	3.989435200000571	3.9916168000017933	1.809255900000153	0.24934890000031373	6.092743299999711
zar	lab_data/zar/004-zar_EEG_recon_2026-05-21_13h22.30.753.csv	554	1145	rocking_chair	3.9871324000009736	3.9898847000008573	1.8602427999981046	0.24945650000154274	6.061248600002273
zar	lab_data/zar/004-zar_EEG_recon_2026-05-21_13h22.30.753.csv	555	1094	onion	3.988094500000443	3.991485200000625	1.8311632000004465	0.24968479999733972	6.228449599999294
zar	lab_data/zar/004-zar_EEG_recon_2026-05-21_13h22.30.753.csv	556	1153	donut	3.9889714999990247		1.9973064000005252	0.24942540000120061	5.872300600000017
zar	lab_data/zar/004-zar_EEG_recon_2026-05-21_13h22.30.753.csv	557	1027	memory_stick	3.963818899999751		1.6402598999993643	0.24977700000090408	6.164231899998413
zar	lab_data/zar/004-zar_EEG_recon_2026-05-21_13h22.30.753.csv	558	1014	shark	3.9876360000012028	3.9891174000003957	1.9575029999978142	0.2492700000007062	6.1175126000011915
zar	lab_data/zar/004-zar_EEG_recon_2026-05-21_13h22.30.753.csv	559	1025	llama	3.988028600001144		1.8874365000006037	0.24962269999787168	6.0550850000004175
zar	lab_data/zar/004-zar_EEG_recon_2026-05-21_13h22.30.753.csv	560	1148	broccoli	3.9883168999986083		1.8242007000008016	0.25594730000011623	24.74468920000072
zar	lab_data/zar/004-zar_EEG_recon_2026-05-21_13h22.30.753.csv	561	1147	lemonade	3.9868232999979227	3.990339399999357	1.671700900002179	0.2497724000022572	5.992477899998903
zar	lab_data/zar/004-zar_EEG_recon_2026-05-21_13h22.30.753.csv	562	1083	shirt	3.9877047999984825		1.762709599999198	0.24910100000124658	6.20835119999947
zar	lab_data/zar/004-zar_EEG_recon_2026-05-21_13h22.30.753.csv	563	1041	octopus	3.9186215000008815		1.9777700000013283	0.24950489999901038	5.762684199999512
zar	lab_data/zar/004-zar_EEG_recon_2026-05-21_13h22.30.753.csv	564	1018	coffee	3.988719399999809		1.6017243999999664	0.24964710000131163	5.886733999999706
zar	lab_data/zar/004-zar_EEG_recon_2026-05-21_13h22.30.753.csv	565	1136	snake	3.9908219000021745		1.655148599999393	0.2497113999997964	5.889171800000895
zar	lab_data/zar/004-zar_EEG_recon_2026-05-21_13h22.30.753.csv	566	1044	raccoon	3.99060259999942		1.6552931000005628	0.2497003999997105	6.034381000001304
zar	lab_data/zar/004-zar_EEG_recon_2026-05-21_13h22.30.753.csv	567	1027	memory_stick	3.9703988999972353		1.8010020000001532	0.24937169999975595	5.795641599997907
zar	lab_data/zar/004-zar_EEG_recon_2026-05-21_13h22.30.753.csv	568	1128	toad	3.9874152000011236		1.5824963999984902	0.24938620000102674	6.07939450000049
zar	lab_data/zar/004-zar_EEG_recon_2026-05-21_13h22.30.753.csv	569	1043	ostrich	3.9911078000004636		1.849097599999368	0.2494765000010375	5.999320499999158
zar	lab_data/zar/004-zar_EEG_recon_2026-05-21_13h22.30.753.csv	570	1099	tricycle	3.9573140000029525		1.7652979999984382	0.24925959999745828	5.743831300001602
zar	lab_data/zar/004-zar_EEG_recon_2026-05-21_13h22.30.753.csv	571	1117	hamster	3.991044300001249		1.5434396000009656	0.24975219999760156	5.8015070000005835
zar	lab_data/zar/004-zar_EEG_recon_2026-05-21_13h22.30.753.csv	572	1030	puffin	3.9881265000003623	3.991840399998182	1.567333400001644	0.24963129999741795	6.034214200000861
zar	lab_data/zar/004-zar_EEG_recon_2026-05-21_13h22.30.753.csv	573	1080	camcorder	3.9887120999992476	3.9915326000004825	1.8027932000004512	0.24961469999834662	5.9934610999985125
zar	lab_data/zar/004-zar_EEG_recon_2026-05-21_13h22.30.753.csv	574	1070	dragonfly	3.9886232999997446		1.7617586000010306	0.24946029999819075	5.940232199999173
zar	lab_data/zar/004-zar_EEG_recon_2026-05-21_13h22.30.753.csv	575	1007	mirror	3.9717300000011164		1.7088626000004297	0.24972920000072918	5.820486000000528
zar	lab_data/zar/004-zar_EEG_recon_2026-05-21_13h22.30.753.csv	576	1059	zucchini	3.9644105000006675		1.6053119999996852	0.2493611999998393	5.922748500001035
zar	lab_data/zar/004-zar_EEG_recon_2026-05-21_13h22.30.753.csv	577	1158	bulldozer	3.9855676000006497		1.7160008999999263	0.25062099999922793	6.198758200000157
zar	lab_data/zar/004-zar_EEG_recon_2026-05-21_13h22.30.753.csv	578	1051	yacht	3.9888462999988405	3.9906143000007432	1.970446000002994	0.24904460000107065	6.099418599998899
zar	lab_data/zar/004-zar_EEG_recon_2026-05-21_13h22.30.753.csv	579	1076	groundhog	3.986279299999296		1.8681428000018059	0.2503844000020763	6.121252000000823
zar	lab_data/zar/004-zar_EEG_recon_2026-05-21_13h22.30.753.csv	580	1122	webcam	3.9897407999997085		1.8920792000026267	0.2770565999999235	28.478809799999
zar	lab_data/zar/004-zar_EEG_recon_2026-05-21_13h22.30.753.csv	581	1052	wallpaper	3.9903044999991835		1.751498999998148	0.24955020000197692	5.936948800001119
zar	lab_data/zar/004-zar_EEG_recon_2026-05-21_13h22.30.753.csv	582	1142	piglet	3.9908598999973037		1.7038300000017443	0.25006829999983893	6.053759700000228
zar	lab_data/zar/004-zar_EEG_recon_2026-05-21_13h22.30.753.csv	583	1064	fly	3.985682499998802	3.9895062999999027	1.8196991000004346	0.249769099999412	5.9126845999999205
zar	lab_data/zar/004-zar_EEG_recon_2026-05-21_13h22.30.753.csv	584	1060	squirrel	3.989748799998779	3.9923718999998528	1.6837850000010803	0.24962819999927888	6.151782699998876
zar	lab_data/zar/004-zar_EEG_recon_2026-05-21_13h22.30.753.csv	585	1048	sombrero	3.990856699998403		1.9188957000005757	0.24964620000173454	6.012560899999244
zar	lab_data/zar/004-zar_EEG_recon_2026-05-21_13h22.30.753.csv	586	1009	papaya	3.9852945000016007		1.7788235999983044	0.24954710000019986	6.234848600000532
zar	lab_data/zar/004-zar_EEG_recon_2026-05-21_13h22.30.753.csv	587	1072	blackberry	3.98670969999921		2.0067363000016485	0.24957590000121854	5.992009800000233
zar	lab_data/zar/004-zar_EEG_recon_2026-05-21_13h22.30.753.csv	588	1089	unicycle	3.987659999999323		1.7621744999996736	0.24953010000126596	5.7849513000001025
zar	lab_data/zar/004-zar_EEG_recon_2026-05-21_13h22.30.753.csv	589	1075	filing_cabinet	3.987595800001145		1.5544943999998395	0.24975719999929424	5.877891299999192
zar	lab_data/zar/004-zar_EEG_recon_2026-05-21_13h22.30.753.csv	590	1029	sheep	3.9783286000015323		1.6478403999976763	0.2490591999994649	5.777832300001592
zar	lab_data/zar/004-zar_EEG_recon_2026-05-21_13h22.30.753.csv	591	1069	rollerblade	3.984758700000384		1.5571270000000368	0.24946970000019064	6.0973656999995
zar	lab_data/zar/004-zar_EEG_recon_2026-05-21_13h22.30.753.csv	592	1126	helicopter	3.991817300000548		1.8697781000009854	0.24919999999838183	5.78717979999783
zar	lab_data/zar/004-zar_EEG_recon_2026-05-21_13h22.30.753.csv	593	1019	videocassette	3.9821824000027846		1.5530102999982773	0.24974759999895468	6.229269100000693
zar	lab_data/zar/004-zar_EEG_recon_2026-05-21_13h22.30.753.csv	594	1005	ottoman	3.9821592000002966		2.004327799998009	0.24965560000100595	6.209252399999514
zar	lab_data/zar/004-zar_EEG_recon_2026-05-21_13h22.30.753.csv	595	1116	praying_mantis	3.988011000001279		1.984333799999149	0.24991610000142828	6.052120000000286
zar	lab_data/zar/004-zar_EEG_recon_2026-05-21_13h22.30.753.csv	596	1022	shoe	3.9850912000006247		1.8209447999979602	0.2492581000001337	6.218818100001499
zar	lab_data/zar/004-zar_EEG_recon_2026-05-21_13h22.30.753.csv	597	1066	giraffe	3.9880640000014864		1.991055800000595	0.24958249999690452	6.074622399999953
zar	lab_data/zar/004-zar_EEG_recon_2026-05-21_13h22.30.753.csv	598	1004	dalmatian	3.9896435999980895		1.8437408999998297	0.2501402000016242	5.832047899999452
zar	lab_data/zar/004-zar_EEG_recon_2026-05-21_13h22.30.753.csv	599	1157	barnacle	3.935929399998713		1.5992010000009032	0.24939440000161994	6.120108700000856
zar	lab_data/zar/004-zar_EEG_recon_2026-05-21_13h22.30.753.csv	600	1024	lab_coat	3.982463500000449		1.9416965000018536	0.2740464999988035	
